#mass,luminosity,temperature
#(1.98892e+30 * system.get('S.I.').base('mass')),(((3.839e+26 * (system.get('S.I.').base('length')**2)) * system.get('S.I.').base('mass')) * (system.get('S.I.').base('time')**-3)),system.get('S.I.').base('thermodynamic temperature')
#MSun,LSun,K
0.0729217565154,0.0631922009103,9148.32708038
0.0269961882268,0.00458520907167,4748.05344595
0.850581865876,0.317455463669,4952.95125373
0.584788911869,0.0618623172081,3909.60881637
0.0546277420352,0.02947756877,7560.46885125
0.213603694166,0.00653915376061,3343.91801843
0.425448280824,0.0257022207935,3681.44769422
0.144482646828,0.00262546409112,3065.75815913
0.132210867569,0.00209097474241,3002.86115608
0.0512746792949,0.0249381639967,7250.90027815
0.023595527954,0.00321359458837,4344.33777938
0.669852061366,0.105352436291,4158.65297741
0.686335830395,0.116962277177,4218.56449417
0.192359035695,0.00518937271083,3270.89997625
0.0724549837859,0.0621299347333,9109.63628502
0.0747971079902,0.0675735242982,9302.93433938
0.280364061431,0.0114289669437,3512.64102972
0.669324453531,0.105000407685,4156.79536782
0.623194921474,0.0784568162719,4009.36689379
0.356427722094,0.0180626423289,3620.38284145
0.199098520008,0.0056049231529,3295.1815153
0.0221435444971,0.00271752237799,4165.99836743
0.0355555827937,0.00948674610516,5694.49390662
0.676629774319,0.109980961166,4182.85007255
0.173917196908,0.00411743187956,3198.89123058
0.279223523927,0.011338297044,3510.43911614
0.15463135774,0.00310749812735,3114.34509707
0.21983146213,0.00695601339594,3363.41328458
0.351816868714,0.0176212285385,3615.57805475
0.534776429093,0.0460040688762,3809.76148921
0.0667646832168,0.0500638465041,8630.91553974
0.136077322679,0.00225351723933,3023.19469639
0.476492291105,0.0333933595809,3729.95816294
3.82123051661,202.66704834,14327.1738356
0.633710162998,0.08381510076,4040.32872219
0.0799950686269,0.000468455087211,2229.30445956
0.0419169166105,0.0146496925085,6347.94185972
0.115488187556,0.00145232497908,2908.77021245
0.300111678975,0.0130361728025,3547.58555563
0.116704064493,0.00149515260131,2915.98119122
0.113157742909,0.00137185586487,2894.76859482
0.472014086353,0.0326167582225,3725.10789945
0.0776319188569,0.000422253963702,2161.35122349
0.527704069156,0.0441847782386,3798.17295061
0.0889273843736,0.000665698744269,2477.33010255
0.0699955150836,0.0567160590298,8904.35209753
0.102988671995,0.00104602538827,2830.61255833
0.329190219145,0.0155395675035,3589.38390495
0.0291545502751,0.0056175304662,4995.30686375
0.042160535138,0.0148755428822,6372.26780159
1.19111646887,1.61354451482,6121.87067718
0.0381469224939,0.0114228317465,5965.12100747
0.151041599238,0.00293296210038,3097.49672903
0.157457431449,0.00324795017738,3127.35639535
0.115576402137,0.00145541280428,2909.29552393
0.20120709717,0.00573741221305,3302.56203471
0.0488105727428,0.0218976438122,7018.99866752
0.143198821607,0.00256702853071,3059.39740198
0.0801618124303,0.000471810743503,2234.06122116
0.215033224466,0.00663403205576,3348.46749912
0.0318427171384,0.00709034545937,5294.71590057
0.152751649922,0.00301556173001,3105.56801468
0.0400073478889,0.0129529788081,6155.56932694
0.0590343332085,0.0361773698539,7957.65415733
0.0465653432302,0.0193377746895,6804.20574206
0.0395420655821,0.0125590668157,6108.22682453
0.443511277771,0.0281594977198,3697.2253249
0.0605613783188,0.0387005790767,8092.91872682
0.872271881713,0.358726574391,5055.77555848
1.71928326079,8.41694892362,7968.82369776
0.152961305765,0.00302575690052,3106.55188687
0.0321612471987,0.00727913024679,5329.61313579
0.0807260723751,0.000483259454905,2250.12124126
0.387453268997,0.0212227736958,3649.42094661
0.509617882841,0.0399276284421,3771.10296493
0.517409926138,0.0416951497388,3782.32750423
0.0246051782908,0.00358947294731,4466.15184189
0.0232069665741,0.00307576532134,4296.98771618
0.0556305702723,0.0309277519139,7651.78751418
0.575534980737,0.0584868191262,3888.64865529
0.0296612932275,0.0058789869843,5052.44317661
0.27330583684,0.0108716072847,3498.67332998
0.0249250802523,0.00371399413759,4504.39135853
0.185185439264,0.00476074643969,3243.87463812
0.0763874451801,0.000398947232413,2125.15716698
0.371710962514,0.0195746746897,3635.29784656
0.0495982975628,0.0228429902169,7093.55681634
0.196930134402,0.00546989524515,3287.48464116
0.0500059133012,0.0233419471463,7131.97945586
0.266051605564,0.0103081319272,3483.44727945
0.571722617557,0.0571593274559,3880.35215774
0.0292940129094,0.00568875060392,5011.06500773
0.548255594347,0.0497367929055,3833.51014037
0.165848865424,0.00368045160966,3164.71472417
0.029347895379,0.00571641646852,5017.14645417
0.0947783429828,0.000813803464261,2632.73165053
0.0354135528796,0.00938702902567,5679.47056861
0.251607690245,0.00921503329585,3450.35961497
0.323935347081,0.0150740364024,3582.57836708
0.0256985170918,0.00402603892209,4596.16176365
0.12209005467,0.00169175257244,2947.18848466
0.420113501138,0.0250218010178,3676.94200299
0.965592017052,0.588693770141,5465.02541123
0.125154207467,0.00180855717274,2964.43563526
1.1696448526,1.48084527385,6073.23838827
0.134984932307,0.00220704111317,3017.49958296
0.0855966765759,0.000588016573485,2386.43019039
0.496443916621,0.0371500758748,3753.53616989
0.116863615218,0.00150081532278,2916.92275501
0.109080401368,0.00123622875293,2869.6707799
0.115838615322,0.00146460915335,2910.85499809
0.49287129195,0.0364394803606,3749.05977549
0.457407903553,0.0302341566589,3710.24161007
0.088044062625,0.000644623777831,2453.40051227
0.0896774453204,0.000683860825459,2497.55078868
0.356770942974,0.0180957578409,3620.73428811
0.34255648463,0.0167531534556,3605.41954851
0.0484598352025,0.0214846846897,6985.66989281
0.82976464071,0.281624772674,4853.31943702
0.165237468346,0.00364817176191,3162.05610738
0.0820225408197,0.000510108024548,2286.80746349
0.120387530446,0.00162839953334,2937.44979514
0.173041130515,0.00406900803648,3195.26108722
0.146894014313,0.0027367820208,3077.57269254
0.114359651042,0.00141309091982,2902.01989031
0.121598073302,0.0016733313462,2944.3859208
0.0383208726906,0.0115608592347,5983.05977076
0.416281493531,0.0245445809031,3673.72911032
0.13785091328,0.00232989617404,3032.35944629
0.030043391484,0.00608104094795,5095.30628527
0.334755510218,0.0160395449632,3596.27332296
0.924529940605,0.476301122544,5293.57955385
1.11870412173,1.19853999409,5952.48611658
0.0794179041321,0.000456937048459,2212.80098283
0.030826581109,0.00650854084298,5182.58843754
0.127236768534,0.00188996987475,2975.95903558
0.0268491383345,0.00451956682485,4730.96806176
0.941075140566,0.519339506966,5364.57346197
0.0396837867405,0.0126782492087,6122.6669233
0.0535421567618,0.0279561753103,7460.96928249
0.0888818543483,0.000664604145055,2476.09976086
0.082817022293,0.000526933817434,2309.14291223
0.381877240978,0.0206273815013,3644.53032258
0.10375458129,0.00106911126002,2835.63385306
0.037257869674,0.0107333737486,5872.99831473
0.0565879388903,0.0323527881368,7738.44573675
0.123313125619,0.00173794801793,2954.11531817
0.0329633165515,0.00776823330427,5416.96934927
0.0238635541802,0.00331086457114,4376.84500363
0.205264188295,0.00599556410835,3316.47695767
0.0589426515497,0.0360292321929,7949.49544688
0.237184310352,0.00816356425568,3413.40973612
0.153591473794,0.00305649023497,3109.5017027
0.221950413678,0.00709990017137,3369.85589291
0.0937979663891,0.000787964969299,2607.05878387
0.113929270462,0.00139826012554,2899.43077626
0.0224281568757,0.00281070810675,4201.26184307
0.0846216255538,0.000566199190193,2359.46966046
0.0248344170858,0.00367843565944,4493.57095953
0.0606735336938,0.0388900772392,8102.80737257
0.667512800507,0.103800610499,4150.44567214
0.029399866538,0.00574318001438,5023.00858483
0.20121607755,0.00573797895817,3302.59324983
0.0542241760327,0.0289061398531,7523.55912072
0.0976585270963,0.000892063226927,2707.33790171
0.0883616383013,0.000652161574189,2462.01835947
0.0790086761497,0.000448861897504,2201.06317791
0.0829083913399,0.000528886972262,2311.70453243
0.0713386295202,0.059634564617,9016.75618412
0.12483063613,0.00179605461797,2962.63098471
0.564437640051,0.0547206444171,3865.03987588
0.0983702806117,0.000911939790478,2725.59120269
0.0928502748597,0.000763376863365,2582.10445059
0.0262977874184,0.00427865625486,4666.62241107
0.531550228132,0.0451627649668,3804.40250483
0.0453947345413,0.0180806962713,6690.82391976
0.0289955668085,0.00553702026367,4977.3117281
0.0911813226466,0.000721009960457,2537.82393905
0.468939521825,0.0320965577232,3721.86177993
0.175898783454,0.00422782412833,3207.03073115
0.368362975693,0.0192365875046,3632.14887569
0.147132379458,0.00274789586418,3078.73125774
0.160954803178,0.00342542492489,3143.15596807
0.0222252254061,0.00274406618139,4176.1343179
0.477296274733,0.0335352218163,3730.84485546
0.0883476460586,0.00065182853542,2461.6390065
0.164240809273,0.00359580715234,3157.70111711
0.355862549845,0.0180081909736,3619.80229415
1.09281392129,1.07154495286,5885.53266469
0.190516309928,0.00507789777673,3264.0751026
0.131728691178,0.00207108863478,3000.2905832
0.0269814729939,0.0045786137858,4746.34514462
0.810998204284,0.252299079826,4763.5140013
0.0789832793984,0.000448363257967,2200.33373196
0.0368516851209,0.0104272092742,5830.66158753
0.257070219618,0.00962384169056,3463.31912953
0.0281417867754,0.00511692540008,4880.0928435
0.286127984609,0.0118907604463,3523.45236104
0.476228769532,0.0333470249549,3729.66860474
4.04756797253,251.307125421,14854.0101329
0.0595584525966,0.0370314973228,8004.21289264
0.70611758346,0.132552255294,4295.0721026
0.186354427985,0.00482960626306,3248.36283822
0.0387811659428,0.0119310799741,6030.39489358
0.101181051873,0.00099249487991,2818.62728592
0.0979297330353,0.000899611992966,2714.30156177
0.241694892199,0.00848791761021,3425.40069959
0.0986699709767,0.000920372315738,2733.25559523
0.171857269678,0.00400394491498,3190.32454696
0.0696306776528,0.0559389516515,8873.69288565
0.098011066357,0.000901881829028,2716.38790032
0.125599753753,0.00182583743888,2966.91425939
0.0202575022801,0.00214836193139,3928.28216475
0.31472440339,0.0142725242466,3569.89146907
0.110896259566,0.00129581492223,2880.94561671
0.353160305999,0.0177491845293,3616.99437366
0.199694222705,0.00564223539208,3297.27698138
0.340296623732,0.0165448349244,3602.82842266
0.126905396097,0.00187690660906,2974.13596766
0.0204662257854,0.00220729495426,3954.94916616
0.17951700383,0.00443243858888,3221.63894249
0.307575726731,0.0136624850938,3559.32994675
0.0202774876314,0.00215396193793,3930.8395708
0.963636528244,0.582909315179,5457.23391167
0.0735910323775,0.0647348886954,9203.65677662
0.201187326863,0.00573616459736,3302.49330811
0.143965232913,0.0026018433681,3063.20056415
0.0788851822443,0.000446439971338,2197.51508897
1.24425587935,1.97958546452,6243.51647757
3.00458330339,81.1738278112,12241.8124902
0.0315741374654,0.00693355283721,5265.1987621
0.138151013674,0.00234293216007,3033.90026432
0.192912319299,0.00522302553665,3272.93347966
0.0212756577287,0.00244529797559,4057.50216505
0.0639576765343,0.0446968947303,8389.67526558
0.300106898909,0.0130357750957,3547.5777899
0.239224022201,0.0083097237929,3418.88212255
0.309143844782,0.0137954331685,3561.70272158
0.0421648367088,0.0148795500179,6372.69689454
0.265671102459,0.0102788400931,3482.62358774
0.0815614309555,0.000500472285174,2273.79342629
0.260618612346,0.00989240879067,3471.44407007
0.0729175173286,0.0631825031345,9147.97607373
0.103485440304,0.00106097152479,2833.873158
0.0731210050181,0.0636490553851,9164.81713268
0.141339337525,0.00248342214358,3050.09617613
0.281784342435,0.0115422023228,3515.35382436
0.0495758158233,0.0228156653166,7091.43452696
3.14191776306,96.4340833715,12615.6504952
0.272681357902,0.0108227261633,3497.39782809
0.0474462048725,0.0203185442061,6888.88540138
0.0488292132275,0.0219197279578,7020.76769346
0.0760054410581,0.000391935333752,2113.98991302
0.102222308334,0.00102316639954,2825.55462993
0.147312631123,0.00275631323914,3079.6062603
0.0440776594399,0.0167285226094,6562.06019705
0.173445597478,0.00409133545746,3196.93948991
0.151360973759,0.0029483131427,3099.01044283
0.432806669723,0.0266733305682,3687.75742848
0.0278495606153,0.0049778421333,4846.58789189
0.374059245894,0.0198142704613,3637.4721371
0.0899411433245,0.000690304043357,2504.63837666
0.0424940677478,0.0151882385342,6405.49454174
1.87479890052,12.1653738924,8596.23145731
0.474338635326,0.033017030289,3727.60705479
0.208438452674,0.00620044863327,3327.10450666
0.10405731921,0.00107830244111,2837.60947119
0.436880612354,0.0272282517025,3691.31415569
0.0871510411534,0.000623663830178,2429.07875179
0.0990113731371,0.000930024136417,2741.97144603
0.11589279811,0.00146651280139,2911.17687255
0.0470549756402,0.0198792200552,6851.34202557
0.384417771751,0.0208969890902,3646.77160885
0.0518841838668,0.0257284163049,7307.67251557
0.0900615087693,0.000693255074507,2507.86984261
0.0214168287827,0.0024883663303,4075.25127756
0.538650668181,0.0470403334229,3816.36066459
0.33948960285,0.0164707622986,3601.89179891
0.0284405298865,0.00526157985779,4914.22293792
0.110309419975,0.00127641438445,2877.31933747
0.0359801485275,0.00978874182408,5739.2815686
0.283903016354,0.0117117924249,3519.34099716
0.171724588031,0.00399667982174,3189.76905551
0.221716898656,0.0070839931676,3369.1505928
0.590499559424,0.0640580609739,3923.1310114
0.168760655288,0.00383581032945,3177.24239139
0.092689810015,0.000759251528046,2577.86563079
0.0355572435496,0.00948791597041,5694.66945371
0.825719684823,0.275071719953,4833.93484194
0.0429257241741,0.0155989449824,6448.36511368
0.0981257440743,0.00090508693396,2719.3279929
0.377460375004,0.0201650192624,3640.57492305
0.0580396210624,0.0345902373279,7868.90312331
0.0447333208778,0.0173934963979,6626.32199778
0.273621928222,0.0108963761427,3499.31645506
0.151443708486,0.00295229553486,3099.40210113
0.244583871439,0.00869782549177,3432.87031139
0.195033253196,0.00535280107693,3280.66187624
0.109544321937,0.00125132683593,2872.5665789
0.394166042028,0.0219580456835,3655.18702529
0.444620132416,0.0283187680409,3698.23064086
0.0757856741599,0.000387931752888,2107.55319099
0.381376174438,0.0205745277665,3644.08549308
0.0741644369518,0.0660750255805,9250.92474704
0.256604535769,0.00958877033941,3462.23581692
0.559904592688,0.0532659066006,3855.86601984
1.3890019879,3.28312931248,6649.98342432
0.0718336442606,0.0607332240466,9058.00168763
0.191383294213,0.00513022902786,3267.29616483
1.55300114436,5.40664590006,7274.17457137
0.101410456049,0.000999213900935,2820.15901412
0.288670554565,0.0120963687475,3528.05690593
0.175938695619,0.00423005980908,3207.19365731
0.0667438266423,0.0500225690338,8629.13594933
0.234343789689,0.00796145748953,3405.6498871
0.611410338432,0.0728891151737,3976.53963775
2.04817333034,17.5927157288,9249.49087239
0.0411197095678,0.0139255636679,6268.00030548
0.393827643026,0.0219204724924,3654.89895605
0.300993270074,0.0131095956111,3549.01234891
1.90736068779,13.0783966455,8722.647482
0.286652866501,0.0119331100481,3524.41104722
0.0614921637183,0.0402907068798,8174.79809184
0.0600388998523,0.0378253606249,8046.76989549
0.353964918756,0.0178260759686,3617.83609633
0.232815561141,0.00785342242054,3401.40749383
0.136529156444,0.00227286728618,3025.53903167
0.201293804654,0.00574288513197,3302.86334619
0.068347628083,0.0532587026367,8765.43470356
0.0252550954608,0.00384522785386,4543.66530628
0.264201229416,0.0101659352877,3479.41784686
1.46046547281,4.11564003994,6905.60915634
0.0811484142373,0.000491922672544,2262.10490694
0.0973736356016,0.000884166708606,2700.01159705
0.114354618731,0.00141291708746,2901.98966415
0.0500725900138,0.0234242033276,7138.25437941
0.0339601944028,0.00840392028228,5524.54218531
0.0332917786428,0.00797425936525,5452.53425204
0.0784312990365,0.000437598118349,2184.45090516
0.04429081424,0.0169429393228,6582.98706945
0.0614039691524,0.0401383296906,8167.05794914
0.0890901014635,0.000669618037933,2481.72441888
0.0540282396037,0.0286312058149,7505.60531044
0.034824058791,0.00898012256287,5616.89595381
0.122257815623,0.0016980551712,2948.1419903
0.289520792046,0.0121653853556,3529.57465452
0.672770130328,0.107320877117,4168.99500605
0.0291197596022,0.00559985052651,4991.37180944
0.102296973013,0.00102538288597,2826.04890848
0.14088991632,0.00246339918189,3047.83230551
0.0339082141191,0.00837000393475,5518.95977472
0.221773460158,0.00708784499025,3369.32153554
0.527877124403,0.0442282083392,3798.44956497
0.379858753299,0.0204150993131,3642.73247581
0.424736189032,0.0256102829125,3680.84347568
0.177237023937,0.00430304710819,3212.47180969
0.163056559984,0.0035340007737,3152.49229719
0.0932951843856,0.00077487243857,2593.83661796
2.04437440062,17.458191675,9235.67385781
0.49415663922,0.0366931321636,3750.65676249
0.123844241638,0.00175818551604,2957.10555847
0.0407934167839,0.0136357333366,6235.1289268
0.200955315408,0.00572153097256,3301.68610816
0.0548579352098,0.0298066280785,7581.48055266
0.0430817251587,0.0157490524011,6463.82247298
0.123075588103,0.00172893164391,2952.7745008
0.173060661886,0.00407008505803,3195.34223133
0.306922796981,0.0136072701092,3558.33247575
0.247338252663,0.00889949840564,3439.84111788
0.442632428922,0.0280339986581,3696.43214993
0.10653596143,0.00115495698328,2853.59576327
0.0960427450763,0.000847729038732,2665.63215225
0.114347289942,0.00141266394507,2901.94564236
0.144121213798,0.00260895423062,3063.97242693
0.107665339253,0.00119070893816,2860.77162403
0.0423348015826,0.0150384181732,6389.63944462
0.0349850146935,0.00909011382875,5634.01687638
0.102786064941,0.00103995862237,2829.27867135
0.373367594525,0.0197434861046,3636.83455232
0.0976235688369,0.000891092436432,2706.43953196
0.0840548534251,0.000553710979284,2343.72386349
0.0935818119389,0.000782323067179,2601.37902751
0.50763545487,0.0394931817351,3768.34876724
0.0711333056538,0.0591825098043,8999.61970287
0.0230299443343,0.00301421277684,4275.32652993
0.255577997013,0.00951160434395,3459.83373899
0.915095130869,0.45305903543,5252.04886308
0.0446874673464,0.0173464672236,6621.83832586
0.0820312308106,0.000510290534204,2287.05236479
0.102398964994,0.00102841430866,2826.72356768
0.152645478625,0.0030104044941,3105.06930242
0.053725560973,0.0282096964435,7477.82704936
0.0657376606758,0.0480562954672,8543.05860162
0.0299105669616,0.00601032207251,5080.42739745
0.535466757317,0.0461866195951,3810.92419896
0.198082120336,0.0055414758305,3291.58727535
0.208639390884,0.00621350281972,3327.76965484
0.149619578115,0.00286503432907,3090.72155076
0.22545729696,0.00734026740795,3380.30904825
1.08230398049,1.02297563656,5856.85618439
1.30309646808,2.45224711107,6391.26598674
0.0975452157853,0.000888918432353,2704.42535682
0.0996569834567,0.000948408878608,2758.40936106
0.022313901046,0.00277306474106,4187.123931
0.0525343044738,0.0265882752853,7367.97858336
0.334159057505,0.0159856074602,3595.54999478
0.0392331634899,0.0123017095108,6076.69137799
0.994595978324,0.679862816691,5575.85747561
0.144694631641,0.00263516864565,3066.80369662
0.065750139915,0.0480803831865,8544.12893032
0.289427969103,0.0121578442334,3529.4094899
0.206728993621,0.00608979735993,3321.40930066
0.0534243701846,0.0277941070922,7450.13246711
0.49139194021,0.0361502908996,3747.24026664
0.0944451403696,0.000804975885544,2624.02224679
0.358874717774,0.0182995414309,3622.87047254
0.13764776173,0.00232108993444,3031.31477824
0.399670801977,0.0225771897144,3659.8429205
0.397358438465,0.0223152608934,3657.89347879
0.772174849172,0.199842931472,4580.95382213
0.0886072912225,0.000658022429263,2468.67324349
0.343820430827,0.0168702516953,3606.84883705
0.804586755503,0.242894916195,4732.97030826
0.0853344764426,0.000582108333486,2379.19607427
0.531401521332,0.045124451629,3804.1584456
0.0737121260991,0.0650164836507,9213.64940338
0.614553820824,0.0743306641453,3985.1028598
0.571365660695,0.0570368641559,3879.58536449
0.494303368861,0.0367222302928,3750.84002746
0.132208124917,0.00209086138679,3002.84655665
0.0921286442254,0.000744911386049,2563.01093356
0.102192477525,0.00102228148638,2825.35705955
0.197730412522,0.00551958452469,3290.33798266
0.0494681142882,0.0226850436871,7081.26289645
0.0354578446804,0.00941805541359,5684.15776693
0.496987473123,0.0372597268617,3754.22760154
0.535170213516,0.046108091054,3810.42403897
0.0471245815744,0.0199569468251,6858.02933076
0.408810076539,0.0236401713579,3667.49161672
0.172520130481,0.00404032162919,3193.09298491
0.0561260816838,0.0316603384236,7696.70252167
0.023274764153,0.0030995442738,4305.26882314
0.0905579324372,0.000705492252963,2521.17313672
0.101342519956,0.000997221857584,2819.7057342
0.59633615148,0.0663950527135,3937.41999928
0.118812329639,0.00157077584338,2928.33692248
0.0385234060198,0.011722866827,6003.91134867
0.030900297472,0.00654971050503,5190.76466184
0.0693777277324,0.055404070179,8852.40410373
0.0323109045802,0.00736889468516,5345.96856334
0.173779763792,0.00410981987159,3198.32303773
0.0225941064185,0.00286594551819,4221.75275732
0.212172201767,0.00644463581575,3339.31739161
0.173484466511,0.00409348374515,3197.10056475
0.154140136967,0.00308335765775,3112.06093481
0.0503282425728,0.0237412587957,7162.28747915
0.120904044986,0.00164750233533,2940.41635451
0.0613854846928,0.0401064388236,8165.43523465
0.24257354147,0.00855158164814,3427.68975102
0.316489915279,0.0144247740438,3572.40132762
0.278525409474,0.011282913913,3509.08096937
0.0602137621396,0.0381168931655,8062.2300612
0.103046856513,0.00104777074618,2830.99518743
0.0214794976495,0.00250763520647,4083.11773496
0.0922409439488,0.00074777031668,2565.9875065
0.121519513983,0.0016703984218,2943.9375381
0.0249022451946,0.00370501810605,4501.6673199
0.0377848705736,0.011138841913,5927.69463979
0.0698444539675,0.0563934893399,8891.66424283
0.677064209,0.110284450193,4184.42204421
0.0293602400306,0.00572276655218,5018.53919894
0.0557470935903,0.0310990676404,7662.3618145
0.0292187165277,0.00565022936611,5002.56030461
0.072441276568,0.0620989092538,9108.4988149
0.212652067744,0.0064762652136,3340.86463809
0.288064098794,0.0120472207425,3526.96761701
0.0976993629939,0.00089319788743,2708.38709742
0.0292492652725,0.00566583834509,5006.0116732
0.112275657266,0.00134195551473,2889.40520008
0.0911393508705,0.000719959919969,2536.7047816
0.0434611245806,0.0161178539149,6501.33607883
0.209130687354,0.00624546250713,3329.39215675
0.156178009703,0.00318403471316,3121.49321398
0.0293604608247,0.00572288016844,5018.5641075
0.205612289096,0.00601790904449,3317.65347499
0.0733758878631,0.0642364566128,9185.88929791
1.06135786929,0.931160721003,5796.80375523
0.813540961946,0.256113887434,4775.65374971
0.812890587611,0.255133508375,4772.54747334
0.112661719727,0.00135500418917,2891.75698477
0.154634671757,0.00310766126612,3114.36048432
0.531242538178,0.0450835356044,3803.89780714
0.0920256139897,0.000742293195833,2560.27834471
0.790092560725,0.222738617538,4664.39749671
0.0238874029643,0.00331960700368,4379.73144313
0.160806360044,0.00341781067355,3142.49208876
0.411684480383,0.0239841695892,3669.88949924
0.0661171416951,0.04879213559,8575.57540354
0.0316320218433,0.00696716080619,5271.56749916
1.05836784126,0.918582778442,5787.89560712
0.187769455295,0.00491347840512,3253.75155871
3.15318643825,97.7694714552,12645.8611931
0.113051764431,0.00136824724356,2894.12608743
0.152738312528,0.00301491366085,3105.50538315
0.448648151788,0.0289062136962,3701.92771596
0.0360292884116,0.00982407545102,5744.45372751
0.0483221638036,0.021323923053,6972.56529339
0.200276432673,0.00567879230855,3299.31708865
0.0666516383742,0.0498403715164,8621.26770519
0.540001803372,0.0474085354373,3818.70466125
0.156125006604,0.00318139861046,3121.24934616
0.068741331139,0.0540724486876,8798.72658448
0.509319620387,0.0398618781265,3770.68600273
0.145305320717,0.0026632136602,3069.80821533
0.1530046233,0.00302786520468,3106.75501312
0.0582469835435,0.0349174533262,7887.44699051
0.0701117713312,0.056965086555,8914.11029935
0.318196601463,0.0145725640572,3574.79168398
0.247630852284,0.00892100994977,3440.57305802
0.162319664626,0.00349577011029,3149.23232442
0.110743496304,0.00129075147454,2880.00322741
2.16198995719,21.9729646324,9653.93402467
0.0973230617611,0.000882768476798,2698.70982601
0.156841988573,0.00321713688874,3124.54163102
0.078933516923,0.000447387071592,2198.9041153
0.0205734178729,0.00223794651094,3968.60832179
0.212725554217,0.00648111383131,3341.1011352
0.0649182182799,0.0464909567725,8472.62401026
0.0271767528912,0.00466661802753,4768.98961556
0.262206550809,0.010013352992,3475.00652712
0.272795736785,0.0108316739175,3497.63193773
0.0451693653647,0.0178446819443,6668.88173972
0.0863835546498,0.000605929679858,2408.07085066
0.429375776009,0.0262156824889,3684.79920194
0.155334564968,0.00314219735759,3117.60330664
0.0468463504279,0.019647382274,6831.27843368
0.121373901733,0.00166496839563,2943.10580957
0.0301719199315,0.00614996239696,5109.68265293
0.12669956881,0.00186881328857,2973.00160671
0.0437430232828,0.0163953201874,6529.13711035
0.318292690252,0.0145809029214,3574.92522777
2.3407239349,30.3289816367,10256.0963205
0.0200695505255,0.00209613894738,3904.18896874
0.566315906137,0.055337342548,3868.92029603
0.0816029038113,0.000501335028353,2274.96545863
0.268888277043,0.0105273356534,3489.50862119
0.413271230986,0.0241761559127,3671.21370566
0.105329974544,0.00111734901134,2845.85912872
3.08058192663,89.3897113501,12449.9971516
0.659289655362,0.098526329882,4122.18923376
0.170500620999,0.00392991717117,3184.62349121
0.306094779072,0.0135373678807,3557.05942146
0.0687903274634,0.0541742560821,8802.86521553
0.0425412515159,0.0152328011821,6410.18784882
0.0900853374515,0.000693840032281,2508.50930142
0.1390152157,0.00238065288095,3038.32151381
0.118065602637,0.00154379378135,2923.98173905
0.0875844056729,0.000633791659935,2440.8979365
0.0605438103241,0.0386709481988,8091.36920757
0.0208648819698,0.00232262310909,4005.62693614
0.38784032697,0.02126460722,3649.75670155
0.0892203578532,0.000672763760758,2485.23903627
0.274352753196,0.0109537123391,3500.79700849
0.469624850379,0.0322116157757,3722.5796169
1.0921376547,1.06836838432,5883.71484706
0.928777159878,0.487068824927,5312.03415869
0.376958453393,0.0201129739741,3640.12030819
0.746859977561,0.171047911611,4466.66120652
0.163253939938,0.0035442707566,3153.36303908
0.637183004966,0.0856695328641,4050.90024193
0.0285606317531,0.00532044182715,4927.90966354
0.0789842636666,0.00044838257762,2200.3620043
0.241042297438,0.00844073350126,3423.69075131
0.25539821723,0.00949811056639,3459.41106253
0.101777899164,0.00101002115211,2822.60588685
0.0646035742874,0.0458984441918,8445.49879529
0.0369374653488,0.0104914085946,5839.61564556
0.122413560749,0.00170391596079,2949.02623052
0.0629036680316,0.0427784696541,8298.16611102
0.0658482609784,0.0482700401128,8552.54224579
0.272693279791,0.0108236586915,3497.42223997
0.0214487616172,0.00249817322192,4079.26059655
0.02278596139,0.00293064021193,4245.37872561
0.43187010877,0.0265475397006,3686.94676726
0.141294476567,0.00248142023743,3049.87047657
0.0244822212771,0.00354231226919,4451.40925071
0.0314384687393,0.00685517802372,5250.25621315
0.075293778805,0.000379051168659,2093.11376926
0.0791425390374,0.000451495001004,2204.90606503
0.0796229625344,0.000461011962249,2218.6712874
0.613160101314,0.0736876866465,3981.28887014
1.04347068821,0.857830613895,5742.18993118
0.410182632115,0.0238038324424,3668.63661815
0.269244126884,0.0105549371804,3490.25918358
2.04396840518,17.4438581568,9234.19594885
0.137729417523,0.00232462777286,3031.73483484
0.539902744874,0.0473814196182,3818.53205834
0.0744571159613,0.0667656492048,9275.00350115
0.370332872826,0.0194350201148,3634.00888159
0.453580220128,0.0296451388164,3706.55945511
0.121692114152,0.00167684536018,2944.92234937
0.158630392879,0.0033070239068,3132.69231801
0.0522758355819,0.0262443171605,7344.03321752
0.0810587428921,0.000490076583156,2259.56318897
0.141443935014,0.0024880925504,3050.62217597
0.281600984595,0.0115275633018,3515.0054145
0.238061540761,0.00822631900562,3415.77344555
0.0365781707669,0.0102241383333,5802.06369773
0.0426302749028,0.0153171001927,6419.03807073
0.316873033428,0.0144578973111,3572.94096504
0.168683719688,0.00383167107346,3176.91421895
0.847651777629,0.312193972748,4938.96147324
1.1484543299,1.35799611942,6024.30655318
0.0962198298212,0.000852534354813,2670.22133752
0.252439373401,0.00927690881135,3452.3685468
0.279897999919,0.0113918879896,3511.7437875
0.0373360089082,0.0107929040223,5881.12475262
0.11050565241,0.00128288644759,2878.53376045
0.0688563896017,0.0543117121975,8808.44377877
0.0327680816519,0.00764735703521,5395.77280385
0.0820885370052,0.000511494943374,2288.66703606
0.234945701763,0.00800414355782,3407.30780149
0.417187178592,0.0246565272719,3674.48715325
0.106691025524,0.00115983526554,2854.58493988
0.798197333694,0.233823674575,4702.64827889
0.0267865735808,0.00449181638321,4723.68916558
0.0402079999595,0.0131251901653,6175.92785756
0.0746280404845,0.0671710385381,9289.05060652
0.117769594497,0.00153315763578,2922.24894807
0.126491335463,0.00186064154815,2971.85242974
0.0228500334223,0.00295244582999,4253.2537902
0.139185247924,0.00238810600858,3039.18863715
0.185631678204,0.00478698635335,3245.59182354
0.132113541487,0.00208695388526,3002.34292394
1.00123756028,0.702200930572,5599.96521249
0.639520018672,0.0869418498942,4058.11069225
0.0212084541928,0.00242495945956,4049.03875663
0.193203905343,0.00524079458227,3274.00225107
0.0402878936691,0.013194153299,6184.02440137
0.0713371229133,0.0596312397854,9016.63050272
0.201624278875,0.00576376230802,3304.0101773
0.248230211255,0.00896512631872,3442.06724653
0.241772653775,0.00849354568685,3425.60389446
0.183575472624,0.00466655127675,3237.63909625
0.0820775966998,0.000511264896288,2288.35882423
0.0470500779267,0.0198737580259,6850.87135712
0.0305477658991,0.00635428133722,5151.60342194
0.0888632697235,0.000664157606478,2475.59745905
0.0294770522349,0.00578307169164,5031.70831292
0.0809533137365,0.000487910715921,2256.57299562
0.0867165709354,0.000613592835322,2417.19829
0.208373566476,0.00619623536072,3326.88952698
0.0439131337452,0.016564181401,6545.88404177
0.702593434271,0.129635924368,4281.09018371
0.0992052390769,0.000935526552935,2746.91353955
0.0836312084085,0.000544469682456,2331.91838558
0.246453019278,0.00883451944907,3437.61670212
0.0426475170029,0.0153334606912,6420.75146006
0.113310478909,0.00137706439285,2895.69367876
0.0811666121473,0.000492297760051,2262.62054952
0.163592481837,0.00356191483974,3154.85410868
0.0528179115294,0.026968892673,7394.20678646
1.08174045423,1.02041927851,5855.2922689
0.0555998493489,0.0308826830769,7648.99838666
0.0466827966777,0.0194668107797,6815.52813645
0.249243614919,0.0090398781553,3444.57805487
0.157829656917,0.00326664726687,3129.05375572
0.0701511777893,0.057049651289,8917.41671093
0.430974228579,0.0264278224488,3686.17356997
0.0632555064507,0.0434130493354,8328.77032499
0.492284435927,0.0363244095247,3748.33562161
0.302573292776,0.0132415538419,3551.54257235
0.0458241405296,0.0185357305597,6732.52911349
0.0376036148205,0.0109983317025,5908.91192335
0.144334732524,0.00261870198667,3065.02783117
0.0481211122941,0.0210904971275,6953.40486855
0.0575793437187,0.0338707487512,7827.66106307
0.292724846366,0.0124266498457,3535.1965402
0.043738914492,0.0163912548592,6528.73233702
0.308852156902,0.0137706667987,3561.2637837
0.172746573405,0.00405277940651,3194.03615835
0.19588408814,0.0054052036721,3283.7325697
0.23907239719,0.00829882941128,3418.47817537
0.0258135646175,0.00407379668804,4609.73172063
0.0570733476808,0.0330906058017,7782.19291876
0.155318195669,0.00314138774374,3117.52761787
0.326892749082,0.0153352689589,3586.445459
0.0929879418357,0.00076692486981,2585.73791481
6.86805460643,1733.15715865,20148.2381235
0.0852358402497,0.000579893598402,2376.47169198
0.33817920589,0.0163508406253,3600.35803086
0.0535607934995,0.0279818721469,7462.68319056
0.125370939951,0.00181695366644,2965.64225409
0.0911081147208,0.000719178953497,2535.87170582
0.0300016404291,0.00605875632366,5090.63178295
0.296409874391,0.0127294567787,3541.47503552
0.0269335875957,0.00455719261822,4740.78390237
0.167351619684,0.0037602968798,3171.20774236
0.194792869344,0.00533803124743,3279.79125483
0.117252245307,0.00151464987888,2919.21170039
0.342417819017,0.0167403325317,3605.26188165
0.0279167665687,0.00500961770857,4854.30387765
0.284920263068,0.0117935052476,3521.23027202
0.0273247988632,0.00473403094372,4786.12003283
0.164348589775,0.00360145462215,3158.17333723
0.14723173478,0.00275253415589,3079.2136796
0.0948611910193,0.000816005676748,2634.89461292
0.0606378762091,0.0388297678635,8099.6641563
0.169255384883,0.00386247184362,3179.34902661
0.274085086466,0.0109327016334,3500.25578633
0.0785798615635,0.00044048186783,2188.73111134
0.64159091833,0.0880859213797,4064.56483586
0.269898317585,0.0106057394354,3491.63334447
0.284805952248,0.0117843136607,3521.01877582
0.455096689622,0.0298768377779,3708.00870269
0.0332048234193,0.00791939096158,5443.13065446
0.488298828782,0.0355549774713,3743.49882543
0.0699760438986,0.0566744168868,8902.7172059
0.102175913714,0.00102179028873,2825.24733444
0.0966827281932,0.000865157802366,2682.19598058
0.178970165145,0.00440126401955,3219.45203995
0.0644608989096,0.0456313234888,8433.18406495
0.574615951438,0.0581635109198,3886.63071164
0.0536959525216,0.0281686721801,7475.10688728
0.0985813738899,0.00091787551738,2730.99109024
0.0532374967909,0.0275381788708,7432.92271678
0.320811837368,0.0148002172893,3578.38746632
0.152649022558,0.0030105765779,3105.08595425
0.149824210811,0.00287476666666,3091.70008469
0.030892035178,0.00654508809157,5189.84858268
0.113962628845,0.00139940704406,2899.63175106
0.0758850702372,0.000389739742251,2110.46549388
0.0692185732393,0.0550691609557,8838.99581025
0.101815978392,0.00101114432022,2822.85900567
0.0805098747893,0.000478855863406,2243.97451323
0.11076373635,0.001291421812,2880.12815125
0.329936038028,0.0156061483399,3590.32572259
0.878630112419,0.37162505357,5085.58094276
0.0551058627827,0.0301635803828,7604.07752248
0.756216922809,0.181226695799,4508.33106091
0.0737768178231,0.0651672309982,9218.98546248
0.0246869138104,0.00362103760939,4475.93810236
0.145984835403,0.00269457261411,3073.13834336
0.321452133827,0.0148561762518,3579.25566773
0.704608384131,0.131295768844,4289.06619987
0.100930494749,0.000985181127323,2816.95070717
0.0546733022104,0.0295425166059,7564.62990421
0.0330863244399,0.00784499705719,5430.3023296
0.121048487493,0.00165286271546,2941.24406442
2.65178796477,49.8538619387,11228.1720033
2.22176185039,24.557556097,9859.46980466
0.11843732005,0.00155719837239,2926.15259294
0.0916727231364,0.000733360112031,2550.90647147
0.0355164316292,0.00945919329705,5690.35469835
0.274262735174,0.010946644866,3500.61512535
0.0473481493183,0.0202078739412,6879.48565121
0.036669088454,0.0102913650301,5811.57783643
0.116529881808,0.0014889818805,2914.95204733
0.177967398796,0.00434432820999,3215.42251457
0.433634151806,0.0267850182485,3688.47575501
0.233168138439,0.00787830334089,3402.39047024
0.10509012341,0.0011099397091,2844.31113608
0.20464538405,0.00595591811471,3314.37875342
0.356334170127,0.0180536223113,3620.28690216
0.383535654008,0.0208030659814,3645.99599486
0.691579120671,0.120912567543,4238.36687811
0.109940069938,0.00126427424558,2875.02850158
0.092152382896,0.000745515275292,2563.64030344
0.127448242171,0.00189832804071,2977.12041495
0.0398275492846,0.0127998636243,6137.29711773
0.187669274705,0.00490752183967,3253.37163457
0.0839958806125,0.000552419775079,2342.08234943
0.498802875917,0.0376289390871,3756.55707694
0.190379531592,0.00506966082408,3263.56530601
0.128481349991,0.00193940053716,2982.77119904
0.0351864965709,0.00922897339099,5655.41086184
0.189619936916,0.00502401170153,3260.72605907
0.152483953343,0.00300256577997,3104.30996986
0.0670287052794,0.0505882055466,8653.426949
0.279331292234,0.0113468543649,3510.64807071
0.374317888771,0.0198407868686,3637.70997119
0.0705326905596,0.0578723971539,8949.39508491
0.0456251673698,0.018324008473,6713.22084066
1.60075083844,6.17538991544,7472.84187671
0.0878758436929,0.00064064887145,2448.82900166
0.120171458154,0.00162043869493,2936.20566273
0.231542424573,0.00776379890545,3397.83689712
0.0659332521807,0.0484346935433,8559.82630685
2.28427696057,27.483192106,10069.8613639
0.185610581178,0.00478574451684,3245.51074804
0.0896658314343,0.000683577743778,2497.2383797
0.0948747504571,0.000816366381905,2635.24852033
0.12896529439,0.00195877739943,2985.40526304
0.113476007151,0.00138271953481,2896.69505018
0.489977000131,0.0358764106095,3745.51828676
12.7162156049,16728.0826111,26650.0595292
0.111216080418,0.00130644565033,2882.91498416
0.143289126448,0.00257111994729,3059.84644077
0.0909217830124,0.000714529021488,2530.8990214
0.0229279586662,0.00297910157708,4262.82143606
0.0750886995658,0.000375381596567,2087.08050035
0.0319927743397,0.00717889670935,5311.17044989
0.114995233287,0.00143512584777,2905.82847831
0.15689821013,0.00321994650681,3124.79919496
0.367004226287,0.0191005217464,3630.85344692
0.595225372776,0.0659429073553,3934.66394798
0.17384464317,0.00411341262768,3198.59132962
0.106604946621,0.00115712604268,2854.03598559
0.124965130111,0.00180124656066,2963.38156652
0.534422177611,0.0459107395138,3809.16703041
0.139588950181,0.00240584322271,3041.24380259
0.203543400501,0.00588555631132,3310.62074202
0.0590495471549,0.0362019888256,7959.00762283
0.164044805577,0.00358554652275,3156.84157668
0.0612043960264,0.0397948424228,8149.52901819
0.0218382402516,0.00261972225707,4127.9994012
0.101123049531,0.000990799488091,2818.23950522
0.473027023283,0.0327904319789,3726.19208067
0.0219492039861,0.00265501052218,4141.8310047
0.119906988182,0.00161071915068,2934.68032512
0.324945356135,0.0151630336905,3583.9099286
0.268807248826,0.0105210539028,3489.33741146
5.6884697451,876.739260562,18183.1868704
0.104700214063,0.00109794482339,2841.7879867
0.130235965975,0.00201006915031,2992.28251164
0.0793860819427,0.000456306387745,2211.8893157
0.508895086447,0.0397685288435,3770.09410008
0.0971369855801,0.000877633201573,2693.91708021
0.0762407833345,0.000396247252082,2120.87293433
0.0685527412903,0.0536816952548,8782.78737111
0.0312191766579,0.00672966269396,5226.05694192
0.163761197154,0.00357072169335,3155.59606153
0.384838580316,0.0209419122716,3647.14067193
0.265345425305,0.0102537898757,3481.91656819
0.0697111765201,0.0561098425803,8880.46231654
0.183191400989,0.00464419054239,3236.14222957
0.134289241632,0.00217766910602,3013.85238215
0.0905592495021,0.000705524861169,2521.20838
0.645376029586,0.0902179851112,4076.51835822
0.0705399919386,0.0578882142483,8950.00651164
0.0254903770423,0.00394052426655,4571.55884888
1.22267335263,1.82425824417,6193.39399081
0.0971227995973,0.000877242297031,2693.5514902
0.311357943153,0.0139839740788,3564.99880111
0.256658060571,0.00959279929919,3462.36053288
0.489462023605,0.0357773831392,3744.89595645
0.439195875399,0.0275493793551,3693.35970766
0.143790607214,0.00259389267211,3062.33557278
0.662124421042,0.100313136005,4131.82497997
0.0538048450182,0.0283197318787,7485.10845623
0.175964999094,0.00423153346144,3207.30100934
0.044508500904,0.0171636683589,6604.32355422
0.0443830466358,0.017036244083,6592.03153967
0.555180286324,0.0517991131997,3846.5899057
0.0745810656639,0.0670594743287,9285.19116167
0.0376375748261,0.0110245733113,5912.43338494
0.699084750564,0.126793374674,4267.3183697
0.129986469094,0.00199995068329,2990.93657781
0.0792514699459,0.000453643692186,2208.03082749
0.318511169906,0.0145998704317,3575.22846134
0.65562698163,0.0962656396634,4109.90424899
0.0205596463452,0.00223399383793,3966.8548157
0.947366508702,0.536488894098,5390.91202013
0.149484467378,0.00285861633514,3090.0748045
0.0314790972796,0.00687859078325,5254.73333485
0.0245980352032,0.0035867225801,4465.29606941
0.0392884007259,0.0123474867142,6082.33666247
0.0604681898495,0.0385435646088,8084.69764045
0.287326838522,0.0119875617852,3525.63581789
0.0200979330728,0.00210397398721,3907.83217813
0.605380434293,0.0702097261112,3960.50597139
0.282107142893,0.0115679889149,3515.96589808
0.0363200526553,0.0100347685702,5775.00884034
0.187540818706,0.00489988820806,3252.88412618
0.144389960649,0.00262122591779,3065.30059693
0.0513724319179,0.0250638747832,7260.02082079
0.62631500008,0.0800072532782,4018.38946805
0.103562649483,0.00106330356329,2834.37867134
0.50717725434,0.0393936229594,3767.71791232
0.0448150947189,0.0174775632611,6634.31417039
0.0419184900734,0.0146511443292,6348.09912805
0.13085647469,0.00203533419584,2995.62061781
0.0944561901495,0.000805267873483,2624.31133573
0.0341669759464,0.00853968698288,5546.72074174
0.0724682240356,0.0621599123989,9110.7349351
0.256573667878,0.00958644707296,3462.16386903
0.162241161425,0.00349170765784,3148.8841789
0.109278162765,0.00124265428232,2870.90650643
0.0456105525508,0.0183085167651,6711.80149723
1.35712171885,2.9541731134,6547.42282413
0.276163748968,0.0110962064632,3504.42757871
0.367808355317,0.0191809690515,3631.62135713
0.0377473969757,0.0111097013349,5923.81393631
0.330977104598,0.0156993025417,3591.63063366
0.0802156192552,0.000472896268669,2235.59512686
0.321969469003,0.0149014533715,3579.95369122
0.156340433166,0.003192118655,3122.24004367
0.0954291490456,0.000831181034664,2649.69533132
0.122127325185,0.00169315185746,2947.40041355
0.0283944776314,0.00523911744113,4908.96964488
1.57970079426,5.82748075421,7384.89472723
0.110269121978,0.00127508718974,2877.06971595
0.515102435233,0.0411615701303,3778.93615494
0.187109163093,0.00487427075733,3251.2430265
0.2605780373,0.00988932453762,3471.35244994
1.15643680258,1.40334677352,6042.90098615
0.0224121136463,0.00280540337892,4199.27814889
0.184505113448,0.00472085136629,3241.24736382
0.138813345206,0.00237181762675,3037.29084717
0.0216062837906,0.00254690110813,4099.00864012
0.245627569637,0.00877406775185,3435.5289299
0.0214653813122,0.00250328678012,4081.34647512
0.0339499667148,0.00839724013718,5523.44401482
0.0664365794096,0.0494169410296,8602.89808034
0.0902878970113,0.000698822481122,2513.94148975
0.63634801824,0.0852197305771,4048.34284119
0.117712656627,0.00153111564281,2921.91522457
0.166667422063,0.00372385493853,3168.25881621
0.0457740359919,0.018482273275,6727.66967974
0.569199514985,0.0563003451011,3874.96879898
0.348755531779,0.0173316083722,3612.29809256
0.0661324431206,0.0488219519065,8576.88521245
12.7232861142,0.01,248131.385993
0.0216170495251,0.00255025274551,4100.356515
0.253762517352,0.00937562060286,3455.53794893
0.129537032919,0.00198178187148,2988.5066207
0.156097096975,0.00318001090489,3121.12090252
1.10675295897,1.13859926526,5922.18834474
0.151911321669,0.00297484763834,3101.61208656
0.0455916423021,0.0182884839799,6709.96476621
0.179341599456,0.00442242936735,3220.93827737
0.149095194322,0.00284016025674,3088.20849899
0.583253662168,0.0612869238485,3906.05034091
0.227491994671,0.00748098470846,3386.25544871
0.912351035955,0.446471942454,5239.83705808
0.105092004861,0.00110999773854,2844.32329106
0.45555978855,0.0299480256779,3708.45374471
0.845880575847,0.30904872084,4930.49710563
0.079266553873,0.000453941651146,2208.46335226
0.0887971125754,0.000662569247995,2473.80892352
0.20913093603,0.00624547869902,3329.39297664
0.169430399606,0.00387192190737,3180.0927523
0.531950121835,0.0452659969165,3805.06010082
0.0714755319814,0.0599371665034,9028.17284682
0.752057215903,0.176636099486,4489.71618588
0.132874226453,0.00211847303722,3006.3848732
0.42949562783,0.0262315242684,3684.90202981
0.181647688152,0.00455474697099,3230.08943191
0.202722506151,0.00583334368078,3307.8033816
0.0669081856007,0.0503484272934,8643.15478282
0.576325123411,0.0587664765565,3890.39274184
0.0254103271669,0.00390793884974,4562.07849016
0.210084593657,0.00630768556167,3332.52707454
0.582114318362,0.0608639242731,3903.43046293
0.193192704907,0.00524011160725,3273.96123431
0.504336366012,0.0387834137661,3763.85393924
0.230389733724,0.0076829532499,3394.57545285
0.684043158063,0.115274871705,4210.01703854
0.342963151372,0.0167907828387,3605.88095382
0.0742314961621,0.0662328688049,9256.44456912
0.0913670192209,0.00072566477799,2542.77215001
0.224181417439,0.00725249736873,3376.53601523
0.134181370781,0.00217313062031,3013.28544141
0.0224383607091,0.00281408526531,4202.52326354
0.27778692744,0.0112244235715,3507.63567112
0.0600607955953,0.0378617893382,8048.70660979
0.0441849931182,0.0168362796808,6572.60217267
0.46500715013,0.0314460809412,3717.80432165
0.173935786794,0.00411846195991,3198.96805045
0.0829675768284,0.000530154144805,2313.3630807
0.4681552352,0.0319655089311,3721.04425178
0.0953323242905,0.000828584307502,2647.17548323
0.332777803929,0.0158610292933,3593.86126862
0.254007001409,0.00939389660254,3456.12000629
0.384244867072,0.0208785528614,3646.6197916
0.0402904455881,0.0131963597807,6184.2829265
0.0490425221535,0.0221734292967,7040.99489608
0.0403724273838,0.0132673662251,6192.58522847
0.0775608314265,0.000420903550672,2159.29137002
0.0642647011256,0.0452655769991,8416.23451319
0.0437356198675,0.0163879955375,6528.40776111
0.0230844335632,0.00303307695131,4282.00007296
0.0636929833915,0.0442102004323,8366.74309793
0.0519899908631,0.025867162896,7317.50474396
0.258825083773,0.00975636843097,3467.36587105
0.286162453132,0.0118935399816,3523.51544769
0.030176540496,0.00615244909478,5110.19909148
0.042404386091,0.0151037622575,6396.56913838
0.0260960382496,0.00419254346143,4642.96282605
0.0764133237347,0.000399424669401,2125.91271063
0.0492330243682,0.0224015403327,7059.03415996
0.0993404249387,0.000939372732004,2750.35665663
0.0664924533464,0.0495267356967,8607.67258859
0.0867274911963,0.000613844950861,2417.49728454
0.0384910940323,0.0116969263474,6000.5872099
0.0264982935048,0.00436531867965,4690.0751506
0.323336855515,0.0150214060033,3581.78394401
0.388351222857,0.0213199281518,3650.19920568
0.303641079373,0.0133310000349,3553.23311601
0.09416036428,0.000797468631813,2616.56553318
0.0598290435571,0.0374773194239,8028.19556444
0.0370750196138,0.010594867985,5853.95932586
0.139649910277,0.00240852665743,3041.55369626
0.158480972294,0.00329947340275,3132.01467335
0.0245276096386,0.00355967605583,4456.8542567
0.0550857448035,0.0301345171886,7602.24519128
0.225634148458,0.00735246193361,3380.82933423
0.188193215601,0.00493870572752,3255.35595925
0.903853292596,0.426558307064,5201.66381958
0.139416693837,0.0023982677665,3040.36750295
0.456722509892,0.030127659681,3709.57633364
0.184306060022,0.00470920376943,3240.47653597
0.0652671116486,0.0471534942272,8502.64962951
0.0216713879944,0.00256721145765,4107.15623642
0.0304520365334,0.00630184656249,5140.94277122
0.450548002081,0.0291882392878,3703.69756443
0.156013494963,0.00317585565102,3120.73602685
0.0873483988408,0.000628265921863,2434.46513747
0.368330368552,0.0192333145816,3632.11790932
8.581808194,0.01,302128.675148
0.0728873596895,0.0631135396937,9145.47880683
0.0715849374343,0.0601796748257,9037.29111636
0.0318134232352,0.00707313823704,5291.50059936
0.0460694353575,0.0187988251975,6756.29323652
0.166171435903,0.0036975302603,3166.11344676
0.101893540501,0.00101343390408,2823.37430878
0.53101258315,0.0450244362756,3803.52134002
0.558489855554,0.0528214529749,3853.05788576
0.117824808858,0.00153513901816,2922.57244108
0.0996714053059,0.000948821541144,2758.77589895
0.792496340622,0.225977829126,4675.71430453
0.053117324326,0.027374375717,7421.84481048
0.216833762745,0.00675422394119,3354.13430636
0.682870596898,0.114421123506,4205.6719788
0.0299827269197,0.00604867796062,5088.51347404
0.467872540544,0.0319184347915,3720.75060303
0.371315876478,0.0195345657464,3634.92931731
0.795283341173,0.229784459026,4688.86552531
0.0273516064938,0.00474630210855,4789.21856901
0.073340973578,0.0641557952009,9183.0042697
0.17871605434,0.0043868076527,3218.43328279
3.11253997647,93.0131216747,12536.5663343
0.0755429267433,0.000383535328126,2100.4330194
0.0205289100314,0.00222518761881,3962.93977017
0.523580866808,0.0431656822008,3791.68355346
0.154621804593,0.0031070278762,3114.30073931
0.0494515794204,0.0226650312548,7079.70063144
0.0658046635493,0.0481857139493,8548.80454418
0.0360397061151,0.00983157637716,5745.54992205
1.1235415753,1.22346215601,5964.48820162
0.0592392828838,0.0365098907892,7975.87697684
0.106427744022,0.00115155824412,2852.90468063
0.0301929523744,0.00616128669714,5112.0332229
0.0331318458354,0.00787352389203,5435.23217682
0.0440665038144,0.0167173476287,6560.96402623
0.0535373072814,0.0279494911205,7460.52327185
0.151964259485,0.00297740541451,3101.86188543
0.262135021256,0.0100078949707,3474.8470237
0.101483660927,0.00100136256743,2820.64713973
0.266495371406,0.0103423272329,3484.40472549
0.0653364081341,0.0472857798516,8508.60675401
0.0517317032459,0.0255292804582,7293.49109026
0.0869257287467,0.000618430757978,2422.92155042
0.245356794176,0.00875426684981,3434.84120649
0.0960163604079,0.000847014204192,2664.94799835
0.0470698431998,0.0198958063705,6852.77069054
0.147794459611,0.00277886888741,3081.94056093
0.561947131018,0.053915568725,3859.96631208
0.198742893612,0.00558269269939,3293.92664822
0.566056366129,0.055251634127,3868.38131763
0.0781523289279,0.000432210177871,2176.40272253
0.0355636506172,0.00949243005968,5695.34667464
0.0471446843728,0.0199794300675,6859.96005742
0.373450411714,0.019751952177,3636.9110178
0.963185896368,0.581582643354,5455.43283496
0.393899575568,0.0219284546986,3654.96021055
0.0247422501231,0.0036425049517,4482.55731093
0.0376126970958,0.0110053459618,5909.8538101
0.377508407485,0.020170005068,3640.61837092
3.24433747501,109.054150089,12887.7593234
0.193702840211,0.00527125307112,3275.82638877
0.0370620604918,0.010585094056,5852.60876663
0.0516852767069,0.0254688393559,7289.1703794
0.226510200693,0.00741297094191,3383.39696146
0.0719826113144,0.0610662904352,9070.39495072
0.867100981735,0.34850863796,5031.40758646
0.0244727811114,0.00353870746034,4450.27633205
0.240920560339,0.00843194116137,3423.37084427
0.0840337748788,0.000553249288887,2343.13720861
0.0236493664746,0.00323298873343,4350.87755153
0.141449712349,0.00248835062876,3050.65121926
0.766874550525,0.193479479249,4556.63343328
0.0421209180865,0.014838669066,6368.31519682
0.313871777961,0.0141992261831,3568.66567063
0.184803820019,0.00473835151339,3242.40228881
0.789531077685,0.221987822602,4661.75773158
0.0849654265514,0.000573843920763,2368.99428113
0.348077517206,0.0172678253397,3611.56149982
1.38224408224,3.21128882368,6627.6043982
0.99472793448,0.680301184208,5576.34106527
0.0513732748214,0.0250649604729,7260.09943994
0.618309518291,0.0760941781353,3995.51811357
0.0203283032343,0.00216824156593,3937.33828355
0.0871678703329,0.000624055595991,2429.53831279
0.101015888398,0.000987670852433,2817.52253568
0.321252666913,0.014838734324,3578.98571107
0.0505352863319,0.0239999739689,7181.72061053
0.185445523791,0.00477603311252,3244.87606349
0.280949736627,0.0114756174368,3513.76360196
0.0588451480411,0.0358721017923,7940.81391671
0.412454588171,0.0240771592821,3670.53209012
1.20748368576,1.7204515622,6158.82701662
0.0707129532573,0.0582636887387,8964.48422589
0.106261828115,0.00114635658698,2851.843934
0.331835414658,0.0157762946345,3592.69801992
0.150213941712,0.00289334198923,3093.56041712
0.0518236296038,0.0256492188933,7302.04237874
0.0402452779839,0.0131573400973,6179.70634637
0.0554783527825,0.0307048425193,7637.96267473
0.494831641904,0.0368272356752,3751.5014777
0.0401382968066,0.01306520665,6168.85957062
0.431377185744,0.0264815965734,3686.52107902
0.395501350676,0.0221068504685,3656.32143388
0.102943920262,0.00104468391665,2830.318133
0.837384136878,0.29432529067,4889.83292423
0.106170065279,0.00114348449743,2851.25664399
0.0270099856914,0.00459139837693,4749.65491537
0.506837441683,0.0393199935769,3767.25143433
0.0380871033638,0.0113756037331,5958.94568529
0.0953709496288,0.000829619718816,2648.18086634
0.0211092835682,0.00239513890691,4036.5328346
0.188773259039,0.00497331871425,3257.54508452
0.178930167335,0.00439898727306,3219.29179078
0.077839871461,0.000426217583206,2167.37163124
0.23251041308,0.00783190981871,3400.5547031
0.0256955619612,0.00402481681417,4595.81293163
0.0907405937312,0.000710021775899,2526.05835408
0.0966372254406,0.00086391292574,2681.02024879
0.101589310641,0.00100446743012,2821.35104262
0.230978302877,0.00772419777382,3396.24417073
0.0754028920386,0.000381011470836,2096.32061726
4.53930746053,384.355087323,15936.357383
0.116155383358,0.00147575465406,2912.73498088
0.0207345400485,0.00228451446944,3989.09419451
0.364607531976,0.0188620805109,3628.54247288
0.179538026775,0.00443363884639,3221.72286899
0.109502220133,0.00124995310184,2872.30421569
0.0231849163638,0.00306805605503,4294.29263047
0.0447136261973,0.0173732870725,6624.39639465
0.38700745294,0.0211746723997,3649.03366472
0.133974602605,0.00216444307867,3012.19765181
0.33059434152,0.0156650236772,3591.15217699
0.0780629671922,0.000430491771837,2173.82167755
0.0847165720267,0.000568305175713,2362.10205553
3.93966301398,227.200127454,14605.2647031
0.333174803571,0.0158967886749,3594.34860827
3.55318649109,154.114790316,13676.8436499
0.0240162731808,0.0033670960475,4395.31180384
0.121672868389,0.00167612593067,2944.81259554
0.235434579424,0.0080388694124,3408.64898249
1.72502968224,8.53846524165,7992.62514128
0.373733972958,0.0197809591257,3637.17257875
0.0256614660783,0.00401073297039,4591.78716948
0.0334524865197,0.00807628561126,5469.8917342
0.215247007623,0.00664826270285,3349.14402663
0.373513821197,0.0197584360252,3636.96954148
0.0697596142171,0.0562128269848,8884.53433087
0.454330827845,0.0297595533416,3707.27525315
0.0603646278374,0.0383695365837,8075.55634481
0.688726587127,0.118747611778,4227.54999967
0.115552219409,0.00145456601986,2909.15155106
0.0489316830875,0.022041375273,7030.48822776
0.0569256972292,0.0328650841148,7768.89944324
0.153988790871,0.00307593628224,3111.35582345
0.107011090572,0.00116993514453,2856.62270812
0.165868080191,0.00368146801826,3164.79811918
0.0534026920665,0.027764342886,7448.13711263
0.0392864315419,0.0123458529605,6082.13545688
0.0283107870484,0.00519844928141,4899.41543378
0.583034047095,0.0612051232364,3905.54395728
0.048101111497,0.0210673629341,6951.49728402
0.0375301372499,0.0109416869343,5901.2890095
0.0463561422246,0.019109262146,6784.01489386
0.232866568164,0.00785702028843,3401.54985681
0.0576271017315,0.0339449657846,7831.94550506
0.085402506641,0.000583638361185,2381.07414544
0.0717425628639,0.060530137858,9050.41989729
0.333758714954,0.0159494525469,3595.06250574
0.0810158001951,0.000489193792172,2258.3454814
0.378623036427,0.0202859620791,3641.62383803
0.0412812496066,0.0140704558017,6284.24133128
0.0333215007349,0.00799306788173,5455.7465722
0.0212732924151,0.00244458034349,4057.20443913
0.0543754622241,0.0291195393512,7537.40650749
0.2342435121,0.00795435345709,3405.37296835
0.229741881759,0.00763764070841,3392.73041005
0.137794073038,0.00232743075766,3032.06728802
0.0558162714018,0.0312010529681,7668.63603249
0.0942567613288,0.000800005988819,2619.09099541
0.145741286139,0.00268331451818,3071.94634131
0.0841288844352,0.000555334070327,2345.7836794
0.0552863834979,0.0304251467615,7620.50905752
0.0217537216048,0.00259304047968,4117.44813463
0.0658498564472,0.0482731278065,8552.67901281
0.306484206903,0.013570227276,3557.65928808
0.0900835722923,0.000693796691889,2508.46193527
0.0389717733043,0.0120865157977,6049.94037034
0.0495755397418,0.0228153298861,7091.40846267
0.380269047271,0.0204581137569,3643.09920857
0.0741895028072,0.066133997932,9252.98818283
0.0252338064603,0.00383667655631,4541.13706347
0.0719739473567,0.0610468882196,9069.67439471
0.283843866641,0.0117070468095,3519.230643
0.128482683238,0.00193945379966,2982.77846709
0.234045808747,0.0079403536267,3404.82640907
0.0335686155944,0.00815051289634,5482.41677791
0.317701328579,0.0145296135052,3574.10161021
0.0349303840892,0.00905268804339,5628.2088126
0.0284744727349,0.0052781740308,4918.09303016
0.0463828274137,0.0191383168077,6786.59211233
0.0547747708121,0.0296874833793,7573.89289134
0.114940676505,0.00143322821253,2905.50225555
0.0233027072423,0.00310937800539,4308.67953271
0.0311017868717,0.00666306395317,5213.07902672
0.574866483714,0.0582514374535,3887.17968104
0.183385712895,0.00465549809267,3236.89998354
0.0771088507247,0.000412371510901,2146.17300317
0.0811088966997,0.000491108667518,2260.9849651
0.848303932488,0.313358726786,4942.07664302
0.389806375706,0.0214781431306,3651.45550609
0.077124528907,0.0004126659041,2146.6286758
1.20980467137,1.73602414272,6164.08438859
0.24738127174,0.00890266006098,3439.94883323
0.112467983793,0.00134844866969,2890.57765731
0.124802901356,0.00179498480813,2962.47611962
0.0755532252905,0.000383721295826,2100.73531375
0.0638165236754,0.0444369434339,8377.4502574
0.0413693999653,0.0141499148703,6293.09473986
0.103323868972,0.00105609928756,2832.81420594
1.05559294898,0.907025766719,5779.55021373
0.0478436442043,0.0207709665748,6926.91709607
0.0713551014898,0.0596709230346,9018.13021972
0.0713621857589,0.0596865643063,9018.72113216
0.128548748903,0.00194209391814,2983.13853836
0.160697935777,0.00341225369358,3142.00681067
0.185269507185,0.00476568548224,3244.1985112
0.31858095015,0.0146059305799,3575.32519174
0.0270753449258,0.00462078792071,4757.23737481
1.23446273864,1.90794887671,6220.58722695
0.0366216789755,0.010256275187,5806.61764363
0.117179270111,0.00151204761204,2918.78237718
0.495400356925,0.0369407062985,3752.21644245
0.417062285719,0.0246410593272,3674.38257796
1.62577179441,6.60793746521,7577.77765125
0.178287597257,0.0043624761649,3216.71192033
1.00595881846,0.71842690411,5616.82026228
0.127691934544,0.00190798037069,2978.45675384
0.42598455949,0.02577169117,3681.90338351
0.0370919201757,0.010607623017,5855.72040852
0.0659053470948,0.0483805946209,8557.43508976
0.499542200259,0.0377806329385,3757.51473965
0.258362989423,0.00972141534653,3466.30571193
14.0893268409,24810.1976618,27503.5679623
0.285988620081,0.0118795243015,3523.19709912
0.8640050652,0.342506016999,5016.76882915
0.0368159658573,0.0104005485514,5826.93098911
0.0236212652145,0.00322285682765,4347.46472004
0.0206829232442,0.00226953116583,3982.53728948
0.240245392171,0.00838323237745,3421.59129545
0.0392388329696,0.0123064031611,6077.2709272
2.12352182946,20.4151342744,9519.2345997
0.0430258376663,0.0156951736155,6458.28705125
0.0773192625393,0.000416331837057,2152.28468433
0.0998280724286,0.000953309932352,2762.75582171
0.198396173824,0.00556105108235,3292.70039598
0.201184870875,0.00573600961802,3302.48476985
0.433055514094,0.0267068635994,3687.97323835
0.0417537633751,0.014499637117,6331.6237063
0.772948389022,0.20078693499,4584.51846908
0.113458102503,0.00138210731606,2896.58679479
0.041414490929,0.0141906675456,6297.62098489
0.721808455934,0.146307730263,4359.07673902
0.0438054065763,0.0164571205561,6535.28114974
0.0838250453094,0.000548688084014,2337.32376048
0.0474306014391,0.0203009082876,6887.39007543
0.158874570381,0.00331937848952,3133.79839259
0.209303675261,0.00625672984762,3329.96216709
0.0255547930272,0.00396686784828,4579.18032755
0.254764575608,0.00945059990139,3457.91656373
0.178545310513,0.00437710480442,3217.74785193
0.0825389072128,0.000521011653012,2301.33673904
0.0389116846083,0.0120373799549,6043.78220223
0.0678672897884,0.0522762490658,8724.72842964
0.147803037737,0.00277927117998,3081.98205781
0.0838540176985,0.000549320036474,2338.1311348
0.0630924681341,0.0431182698808,8314.59586121
0.121291253651,0.00166188997643,2942.63336009
0.0203285527359,0.0021683118227,3937.37017821
0.0738728623215,0.0653914380447,9226.90470368
0.144644449112,0.00263286989225,3066.55631079
0.0408710473203,0.0137043457004,6242.95765967
0.0666752847038,0.0498870658779,8623.28626576
0.0945904703955,0.000808820340297,2627.82297894
0.0903103820869,0.000699376650987,2514.54408793
0.0962052513586,0.000852138259013,2669.84370586
0.244709968091,0.0087070253934,3433.19263846
0.0247864500379,0.00365970866808,4487.84079278
0.0370720793774,0.0105926499311,5853.65291768
0.0622545796584,0.0416229566798,8241.55279244
0.074253855747,0.0662855505653,9258.28466912
1.34839389108,2.86844883568,6520.69682913
0.0696755722445,0.0560342183765,8877.46855663
0.241990855459,0.00850934477555,3426.17343229
0.145667753818,0.00267991954414,3071.58610781
0.061825171331,0.0408692952578,8203.98958536
0.141508770952,0.00249098950561,3050.94805464
0.126549692763,0.00186293003176,2972.17464413
0.0649587725731,0.0465676690889,8476.11690906
0.0423998712308,0.0150995171893,6396.11963556
0.232885930093,0.00785838615989,3401.60388298
0.212883014382,0.00649150739044,3341.6074799
0.0695318579357,0.0557296099805,8865.37915122
0.123636252968,0.00175024761286,2955.93582824
0.0852267572181,0.000579689868234,2376.22073127
0.136987301359,0.00229256307698,3027.90942243
0.690445581862,0.120047698219,4234.05605099
0.0823932140645,0.000517923088687,2297.24201756
0.183784498382,0.00467873871288,3238.4522337
0.15073871947,0.00291843603842,3096.05851122
0.0655908375588,0.0477734568703,8530.46057429
0.112378707913,0.00134543279906,2890.03362763
0.108563029151,0.00121949271805,2866.42875787
0.477100937289,0.033500685388,3730.62896784
0.347562576109,0.0172194692574,3610.99955216
0.953167928977,0.552695004004,5414.86207768
1.38000901369,3.18778110299,6620.27745177
0.308284734685,0.0137225364962,3560.4067462
0.155715162622,0.00316104670989,3119.36103131
0.459465364001,0.0305565878333,3712.25484689
0.31536935015,0.0143280673033,3570.81274308
0.099303520855,0.000938322017945,2749.41697901
0.0712700475736,0.0594833323018,9011.03415176
0.237092282423,0.00815699003388,3413.16087344
0.358173371237,0.0182314507737,3622.16172507
0.0503405172369,0.0237565482636,7163.44033639
0.056232302204,0.0318187682334,7706.31317045
0.877904125865,0.370133451268,5082.18724329
0.0360352292452,0.00982835251787,5745.07886019
0.878931105757,0.372244904452,5086.98721782
0.0515881838964,0.0253427251318,7280.1301167
0.532284228483,0.0453524722819,3805.61095439
0.0219957147927,0.00266988903708,4147.62149155
0.0642940993755,0.0453202639699,8418.77535121
0.3915426871,0.0216682012082,3652.94714256
0.57221597755,0.0573290999295,3881.41478126
0.143338932243,0.00257337771468,3060.09399373
0.136185623157,0.0022581485295,3023.75721106
0.324107308736,0.0150891729751,3582.80588044
0.0952225507951,0.000825645106095,2644.3169792
0.135990363534,0.00224980165466,3022.74275529
1.66596501969,7.34740427504,7746.45552683
0.0503030460058,0.023709892808,7159.92067534
0.0900448079341,0.000692845240987,2507.42161069
0.042546753336,0.0152380026494,6410.73499235
0.234975514362,0.00800625976722,3407.38972722
0.629656516976,0.0817043894662,4028.20627406
0.30689339531,0.0136047857089,3558.28742699
0.48868776496,0.0356291476759,3743.96466953
0.118524506094,0.00156035015021,2926.66094206
0.178142632232,0.00435425616749,3216.12847749
0.201482893074,0.00575482702631,3303.51983788
0.146932281455,0.00273856490831,3077.75880076
0.0855819326423,0.000587683537758,2386.02371198
0.581198422866,0.0605263436067,3901.33730844
0.023087403107,0.00303410710893,4282.36361247
0.080419778859,0.000477026984751,2241.41053181
1.02871069596,0.800710363464,5694.65380217
0.372623668366,0.0196675530548,3636.14617267
0.191162598491,0.00511688810572,3266.47791827
0.048128218218,0.0210987200884,6954.08253416
0.110083621606,0.00126898617287,2875.9196429
2.12085376269,20.3100731074,9509.81882288
0.365553611485,0.0189559677029,3629.45876001
0.0727288680372,0.0627518751522,9132.34879172
0.738800121139,0.162698397347,4431.38157109
5.10779446283,592.508777179,17095.792256
0.021288896001,0.0024493168607,4059.16828046
0.0414490002603,0.0142219058653,6301.08391056
0.11260470538,0.00135307343224,2891.41010075
0.419270836678,0.0249160517019,3676.23412072
0.151604371446,0.00296003561833,3100.16210914
0.055550286832,0.0308100589069,7644.49754145
0.18926230492,0.00500257483658,3259.38452245
0.733390482713,0.157304990527,4408.04544594
0.388280981538,0.0213123153008,3650.13841225
0.0618568128139,0.0409245379476,8206.76049752
0.163117839658,0.00353718790492,3152.76274334
0.207548995865,0.0061427843127,3324.14937643
1.90767362363,13.0873995122,8723.85372936
0.115894752188,0.00146658147702,2911.18847844
0.0867577769533,0.00061454443083,2418.32639892
0.0591241915752,0.0363229280546,7965.6464345
0.132890290408,0.00211914094309,3006.47002119
0.0605665558209,0.0387093143475,8093.37535986
0.0658294048576,0.0482335573562,8550.92577319
0.181651309966,0.00455495600868,3230.10370117
0.199986240082,0.00566056006335,3298.30120682
0.224289787545,0.0072599382212,3376.8578192
0.209100750683,0.00624351337005,3329.29344513
0.826683365452,0.276621161647,4838.55254553
0.0377007620261,0.0110735028213,5918.98266861
0.456562342249,0.0301028378765,3709.42124804
0.533081799861,0.0455597401121,3806.93124987
0.0450027513795,0.0176714349769,6652.63608897
0.156372868235,0.00319373402633,3122.38909434
0.482811872397,0.0345291210752,3737.06436615
0.0775942887829,0.000421538836171,2160.26095672
0.311913315577,0.0140314196381,3565.81575351
0.167585731132,0.0037728001547,3172.21397303
0.344598171771,0.0169425173273,3607.72135533
0.430069730563,0.0263075524744,3685.39507802
0.211427239475,0.00639564350146,3336.90532868
0.0923075919871,0.000749469601427,2567.75313589
0.154677008954,0.00310974571931,3114.55703251
0.129670325097,0.00198716248792,2989.22801919
0.187819383752,0.00491644812137,3253.94081703
0.0211444285878,0.00240568077661,4040.96708154
0.224671661803,0.0072861792044,3377.98981863
0.319023213027,0.0146443632553,3575.9369219
0.389241689141,0.021416631732,3650.9686835
0.0743785280285,0.0665797700447,9268.54122327
0.0403734829605,0.0132682820298,6192.69208939
0.308311244041,0.0137247836865,3560.44687951
0.092632466354,0.000757779970997,2576.34989352
0.361591181356,0.018564754612,3625.58445283
0.4249540596,0.0256383749745,3681.02823922
0.0598663374256,0.037539024342,8031.4980524
0.202200008492,0.00580020055196,3306.00214296
0.21101072302,0.00636831009559,3335.55137499
0.0965644959405,0.000861924980709,2679.14039345
0.0670788212355,0.0506881214492,8657.69659699
0.0748469392562,0.067692438804,9307.02441964
0.12423296047,0.00177306499079,2959.28735962
0.031756835505,0.00703997214699,5285.28667353
0.320664936157,0.014787391192,3578.18760837
0.264867542494,0.010217067526,3480.87575558
0.0660571129316,0.0486752729494,8570.43591873
0.347201311787,0.0171855884632,3610.60400198
0.0237788394986,0.00327992574735,4366.5839705
0.147942260998,0.0027858039599,3082.65525398
0.107792780064,0.0011947755122,2861.57723142
0.570651867981,0.0567929096574,3878.05716449
0.115156469845,0.00144074091203,2906.79183277
0.12714424112,0.00188631814315,2975.45038631
0.0243453666618,0.00349027595771,4434.97069595
0.0381399985393,0.0114173589693,5964.40639383
0.0243309814706,0.00348483403258,4433.24096864
0.515960937816,0.0413590732593,3780.19119641
1.1610610921,1.43012835781,6053.57622493
0.4492693257,0.0289980698362,3702.50447479
0.11967303294,0.00160214348826,2933.3286476
0.0414838842825,0.0142535267406,6304.58343939
0.387818620279,0.0212622593688,3649.73788375
0.110466347924,0.0012815888939,2878.29066518
0.0437316144763,0.0163840336074,6528.01315153
0.208448059564,0.00620107252862,3327.13632803
0.0629939568701,0.0429407620911,8306.02530916
0.0651603280513,0.0469500969556,8493.46568529
0.0691688319295,0.0549647488124,8834.80310332
0.0402112046047,0.013127952049,6176.25272617
0.0575438455333,0.0338156491332,7824.4756855
2.6894586831,52.7005392997,11340.4664588
3.76855171984,192.379104165,14201.7096246
0.846649735337,0.310411323544,4934.17349125
0.451947685171,0.029398098595,3705.01280607
0.461219412648,0.0308347664515,3713.99087945
0.130877538494,0.00203619434459,2995.73370166
0.391324151858,0.0216442030294,3652.75982363
0.339688265614,0.0164889811359,3602.12292508
0.022810503158,0.00293898064116,4248.39603174
0.09387018614,0.000789854429668,2608.95489025
0.087149533347,0.000623628736074,2429.03757525
1.78171910485,9.80498959512,8225.13868287
0.02714097183,0.00465041512424,4764.84462816
2.99094987368,79.7584468312,12204.1126913
0.773785951205,0.201813502356,4588.38237058
0.0215644619582,0.0025339069123,4093.77035952
0.0204381286404,0.00219930398069,3951.36481392
0.55941229802,0.0531107372609,3854.88590377
0.33463861552,0.0160289673216,3596.13184089
0.309395214038,0.0138167896359,3562.08010266
0.107856459295,0.00119680993296,2861.97946435
0.0490802105888,0.0222184431027,7044.56562231
0.108891996702,0.00123012179592,2868.49171809
0.0744575653773,0.0667667131064,9275.04044991
0.168690832567,0.00383205367967,3176.9445657
0.0758229003945,0.000388608356867,2108.64413268
0.208758549312,0.00622124880495,3328.16366889
0.0890051501878,0.000667570418076,2479.4307678
2.92935315457,73.579608871,12032.3999493
0.0397346589494,0.0127212015766,6127.84606098
3.0071684881,81.4441945134,12248.9488563
0.355541883907,0.0179773400289,3619.47188468
0.164283235436,0.00359802974886,3157.88703604
0.113737403236,0.00139167189705,2898.27386384
0.0229300578258,0.00297982169217,4263.0790174
0.352778312544,0.0177127473414,3616.59305627
0.0794914514008,0.000458396385077,2214.90732542
0.0710244773,0.0589437719027,8990.52998972
0.0578665395185,0.0343185802417,7853.40765398
0.599526491787,0.0677133521791,3945.43205675
0.0465108967189,0.0192781396954,6798.95385977
0.119036883468,0.00157893197289,2929.6421386
0.372521250809,0.019657115452,3636.05118779
0.451672367789,0.0293566783531,3704.75332109
0.0301649686321,0.0061462225194,5108.90565847
0.138783876046,0.00237052907462,3037.14028301
0.134017871276,0.00216625975617,3012.42540111
0.17856898716,0.00437844975832,3217.84294228
0.7787093976,0.207941909305,4611.18118492
0.0966199364063,0.000863440155939,2680.57344445
0.0425763597834,0.0152660117795,6413.67887348
0.343601282058,0.0168499182289,3606.60202925
2.49658405141,39.2600955279,10753.7809351
0.125445566061,0.00181984888013,2966.05732144
0.111878573144,0.00132859581647,2886.9790866
0.0999733481049,0.000957481069733,2766.44334724
0.0226567345008,0.00288696550251,4229.47256057
0.189773900972,0.00503325146122,3261.30266385
0.088817868571,0.000663067370953,2474.37013072
0.061559768112,0.0404077525616,8180.72864197
0.12010902691,0.00161814185691,2935.84584076
0.100643110869,0.000976824339816,2815.02303005
0.0715905625864,0.0601921599931,9037.75980996
0.0854057587511,0.000583711553741,2381.16390503
0.411623026397,0.0239767642872,3669.83822687
0.0919512222182,0.000740405593877,2558.30429266
0.0476646084881,0.0205663963436,6909.79819014
0.388258571219,0.0213098869077,3650.11901326
0.4656906553,0.0315579698154,3718.50220163
0.107826815554,0.0011958626734,2861.79224394
0.0288231392119,0.00545051650281,4957.75690279
0.0831074901845,0.0005331559383,2317.28143819
0.157404383198,0.00324528927041,3127.11418494
0.0235557501286,0.00319931203695,4339.50270234
0.0934877688502,0.000779874639416,2598.90571627
0.122259377862,0.00169811391332,2948.15086452
0.138879020144,0.00237469041367,3037.62629626
0.0278259080121,0.00496668883955,4843.87080611
0.0562626208821,0.0318640792365,7709.05521931
0.326803895525,0.015327391883,3586.33067411
0.0638255182392,0.0444534799973,8378.22953528
0.350312281933,0.0174785495569,3613.97528949
0.17161694882,0.00399078993851,3189.31807751
0.0736186689523,0.0647990887478,9205.93783262
0.0867498287769,0.000614360820714,2418.10882136
0.234240818801,0.00795416268308,3405.36552793
0.0373824598568,0.010828389601,5885.95288545
0.239497626791,0.00832939440194,3419.60988313
0.599292753868,0.0676157695273,3944.84020583
0.0787797531793,0.000444377811343,2194.48383656
0.109059389091,0.001235546956,2869.53936947
0.0761613002551,0.000394788127357,2118.54944686
0.0337173790249,0.00824621653302,5498.44008195
0.242977505994,0.00858090365402,3428.73708316
0.0732508812055,0.0639479482751,9175.55762199
0.0279691496554,0.00503447206166,4860.31365559
0.0871484559281,0.000623603659824,2429.00815189
0.146463845365,0.00271677521602,3075.47765471
0.0402250101084,0.013139854279,6177.65214858
0.19780418564,0.0055241736599,3290.60026793
0.0564709885812,0.0321765674688,7727.88661314
0.057971878641,0.0344837549197,7862.84022212
0.1701164937,0.00390906029634,3183.00069524
0.132002374646,0.00208236548754,3001.75060359
0.0350639866033,0.00914438476918,5642.40734347
0.0261626438507,0.0042208525674,4650.78067093
0.0613952633199,0.0401233077309,8166.29370186
0.12403578857,0.00176551043696,2958.18138119
0.0515112494922,0.0252430707614,7272.96268445
0.13842171585,0.0023547189205,3035.28770176
0.0412982628823,0.014085769989,6285.95056508
0.0509845573986,0.0245673734007,7223.79636327
0.452833403501,0.0295318227466,3705.85021569
0.0253213519333,0.00387191727173,4551.52917139
0.406922183431,0.0234168256318,3665.91611109
0.126641420134,0.00186652971002,2972.68085938
0.180658199957,0.00449778115692,3226.1789526
0.314586919037,0.0142606950435,3569.6944184
0.20583601113,0.0060322861212,3318.40817167
0.459819502685,0.0306125051553,3712.60386721
0.366013229322,0.0190016899668,3629.90198586
0.0209443057928,0.00234603692046,4015.68394044
0.273111965861,0.0108564245001,3498.27804821
0.3332934315,0.0159074812911,3594.4939219
0.0679339790144,0.0524119720462,8730.38585068
0.0875450131987,0.000632867649892,2439.82485879
0.672948524183,0.107442401926,4169.63098529
0.408041041035,0.0235489467523,3666.84995704
0.395800525525,0.0221403096925,3656.57511518
0.0659008974201,0.0483719716148,8557.05376049
0.0872655867733,0.000626332786994,2432.20577058
0.237568088695,0.00819099920287,3414.44572503
0.179616975742,0.00443814742563,3222.03794648
0.125472798393,0.00182090591586,2966.2087356
0.107649666234,0.00119020927099,2860.67249092
0.150224022247,0.00289382313715,3093.60847757
0.0417218844736,0.0144704294517,6328.43273323
0.448829949017,0.0289330615044,3702.09632487
0.17366135425,0.00410326614472,3197.83311081
0.143222608096,0.00256810593971,3059.51570363
0.994870362301,0.680774584625,5576.86281876
0.0401725766435,0.0130946850637,6172.33625761
0.0225246791221,0.00284275491809,4213.18634581
0.175670927179,0.00421506996043,3206.09982863
0.496169479486,0.0370948697385,3753.18812238
0.21014389547,0.00631156117972,3332.72129625
0.69651080078,0.124746181013,4257.31070579
0.0636843900083,0.044194455132,8365.99805222
0.0651979267088,0.0470216511278,8496.69994847
0.400580840018,0.0226810252095,3660.60802516
0.0495091919677,0.0227348082007,7085.14327335
0.102721661402,0.00103803367977,2828.85416841
0.15535000136,0.00314296091267,3117.674675
0.0612446303944,0.0398639426316,8153.0644502
0.210928155813,0.00636289673471,3335.2825212
0.0297706555796,0.00593638491926,5064.73033003
0.0729774859476,0.0633197763357,9152.94085853
0.564724492907,0.0548142941453,3865.62948537
0.094940543425,0.000818117697961,2636.96536004
0.175415305322,0.00420078029044,3205.05393704
0.095016438321,0.00082014019087,2638.94501027
0.463162371481,0.0311465132582,3715.93576075
0.670469449393,0.105765870698,4160.83147939
2.6778451182,51.8110348698,11305.9594439
0.0263432594156,0.00429821548289,4671.94648204
0.431310679946,0.0264727132074,3686.46369483
0.063396569741,0.0436691046023,8341.02427153
0.0921973007798,0.000746658604842,2564.83094825
0.295649589154,0.0126667777489,3540.19583642
0.122135787559,0.00169346964289,2947.44852512
0.0880851299402,0.000645596049762,2454.51585442
0.738496439561,0.162391194428,4430.06406573
0.0276057801475,0.00486363244925,4818.54589658
0.142761143758,0.00254723954198,3057.21756829
0.191535304016,0.00513942574003,3267.85908138
0.0799130966699,0.000466810043827,2226.96419042
0.23393621111,0.00793259631303,3404.5230802
0.0714077342741,0.0597871911527,9022.51994469
0.41284385016,0.0241242971217,3670.85696064
0.59605391631,0.0662798354108,3936.7180831
0.0585541965705,0.0354057559153,7914.87901847
0.026741039909,0.0044716867497,4718.38806145
0.175132252616,0.00418498025292,3203.89389219
0.147338046659,0.00275750099758,3079.7295595
0.0294450458484,0.00576650909842,5028.10176104
0.0786246020026,0.000441352292877,2190.01933523
0.0998327501513,0.00095344410211,2762.87460125
0.706845717096,0.13316255143,4297.97942084
0.206502698927,0.00607520424415,3320.65046825
0.0390932238479,0.0121862085242,6062.37733791
0.0865018872296,0.000608647086888,2411.31626949
0.0494122729162,0.0226175019572,7075.98611929
0.0299632634429,0.00603831741866,5086.33309451
0.155446717652,0.00314774676058,3118.12168128
0.0937031229558,0.000785486986438,2604.56750835
0.532615153617,0.0454383277677,3806.15785652
0.0534277119316,0.0277986970964,7450.4400325
0.163296301613,0.00354647653658,3153.54978278
0.0714576263226,0.0598975347009,9026.68006889
0.135958846675,0.00224845568162,3022.5788967
0.220126603509,0.00697599325762,3364.31640484
0.0823280319178,0.000516544363304,2295.40886533
0.211492612739,0.00639993737527,3337.11748675
2.34840217505,30.7315093367,10281.1689006
1.52485815667,4.98709939524,7159.04061603
0.0715623716371,0.0601296056402,9035.41078445
0.247496313428,0.00891111674591,3440.23671166
0.578852168626,0.0596714715036,3896.02762504
0.410582128666,0.0238516733612,3668.96986947
0.197034353168,0.00547635654276,3287.85706908
9.17377392826,4950.11126266,23272.1990072
0.0294653774029,0.00577702680677,5030.39292083
0.0567031604585,0.0325269890283,7748.84152356
0.0560989946316,0.0316200161867,7694.25074282
0.0516038844054,0.0253630922277,7281.59237502
0.593615303238,0.0652937271211,3930.69970801
0.109092904134,0.00123663452092,2869.74896161
0.109117462386,0.0012374317229,2869.9025056
0.0865748380162,0.000610325408529,2413.31587423
0.063043347512,0.0430297023996,8310.32290032
0.122324063747,0.00170054700001,2948.51822697
0.732580537009,0.156511761052,4404.57621725
0.0959677541319,0.000845698092643,2663.68737339
0.102293602713,0.00102528278629,2826.02660418
0.365490667374,0.0189497117459,3629.39796374
0.160446976676,0.00339940621054,3140.88237127
0.137985784719,0.00233575080971,3033.05227478
0.0929457298712,0.000765836105745,2584.62411527
0.0594194567238,0.0368037767799,7991.87918884
0.738881717716,0.162781030609,4431.73572251
0.240370408891,0.00839224449918,3421.92148257
0.0694953106168,0.0556523108845,8862.30339613
0.0692383798438,0.0551107713345,8840.6650285
0.266994084721,0.0103807994903,3485.47662979
0.138239178302,0.00234676808066,3034.35239078
0.0242176696729,0.00344215235166,4419.60376927
0.368055596607,0.0192057494709,3631.85672898
0.360268995156,0.0184353702007,3624.26957553
0.291099229344,0.0122938603754,3532.36338152
0.193763046597,0.00527493307174,3276.04611116
0.202803275886,0.00583847334047,3308.0812687
0.416922935719,0.0246238124831,3674.26591382
0.0501215880482,0.0234847647086,7142.86375756
0.193379889068,0.00525153012666,3274.64632766
0.0793141187937,0.00045488189645,2209.82698623
0.120531628786,0.00163371857538,2938.27847424
0.166411875667,0.00371028195923,3167.15426346
0.258525462298,0.00973370034355,3466.67890701
0.138451824167,0.00235603150772,3035.44187402
0.484680038595,0.0348741494006,3739.22669932
0.16255560698,0.00350799186815,3150.27769074
0.0228112001806,0.00293921773678,4248.48171159
0.132031979067,0.00208358696183,3001.90838288
0.0532513419131,0.0275570897152,7434.19846073
0.0906400189176,0.000707526001152,2523.36916289
0.10293888705,0.00104453309314,2830.28501189
0.0427110214532,0.0153938117162,6427.06002135
0.207000564693,0.00610732715063,3322.31843916
0.267249710128,0.010400536776,3486.02437991
0.169020658437,0.00384981263014,3178.35031387
0.268075992958,0.010464416865,3487.78717956
0.214596235004,0.00660497726929,3347.08152143
0.0539717192247,0.0285522007036,7500.42219154
0.225773812446,0.00736209715473,3381.23975334
0.248504809215,0.00898536177709,3442.74952216
0.0369802114883,0.010523491934,5844.07500626
0.15088646503,0.00292551797834,3096.76040433
0.138281970142,0.00234863090197,3034.57174777
0.203439724243,0.00587895250702,3310.26576431
0.0673146328142,0.0511599029257,8677.77211616
0.0285668775371,0.00532351402126,4928.62089291
0.266383894117,0.0103337337377,3484.16453087
0.0794171902512,0.00045692289554,2212.78053301
0.849779584953,0.316007570106,4949.12244148
0.368615635691,0.0192619609049,3632.38862249
0.231626420925,0.00776970124574,3398.07349207
0.0354311386629,0.00939934024679,5681.33182992
0.0352151928202,0.00924885707337,5658.45452797
0.197346025685,0.00549569669516,3288.96933132
0.0395298697147,0.0125488431935,6106.98335483
0.497624085906,0.0373886733449,3755.04093599
0.401604268616,0.0227983149085,3661.4672268
0.039371026282,0.0124161589475,6090.77601803
0.0326177574113,0.00755508754831,5379.42291321
0.489253149624,0.0357373164142,3744.64420396
0.0317274776044,0.007022803607,5282.06138527
0.188372059576,0.00494936783158,3256.03178864
0.162135830359,0.0034862600292,3148.41679892
0.181726322406,0.00455928631033,3230.39916361
0.904425304418,0.42787597352,5204.24972032
0.0630464245486,0.0430352471634,8310.59060232
0.360053000473,0.0184142875099,3624.05368403
0.116972445131,0.00150468355939,2917.56438054
0.0668299143229,0.0501930826404,8636.48017424
0.407125532868,0.0234407857498,3666.08586888
0.131620708992,0.00206664693226,2999.71383342
0.0668841429118,0.0503006781436,8641.10481736
0.178311189935,0.00436381454001,3216.80682465
0.0322361962705,0.00732399923999,5337.80723255
0.160683557026,0.00341151703929,3141.94243147
0.081064196393,0.000490188752499,2259.71780816
0.100432204197,0.000970713152469,2813.60513739
0.0817374067321,0.000504138356435,2278.76445625
0.0455681831192,0.0182636511612,6707.68584235
0.0488642892539,0.0219613214637,7024.09586865
0.0347134409565,0.0089050121694,5605.1139036
0.671852410848,0.106697877802,4165.73008623
0.115039749176,0.0014366750967,2906.09456493
0.0566150842677,0.0323937763007,7740.89555731
0.0365056816706,0.0101707341443,5794.47226848
0.57841246257,0.059512835544,3895.04091054
0.0402272058987,0.0131417479679,6177.87471418
1.33817266067,2.77036809072,6490.142528
0.0357629744393,0.00963353036785,5716.39434396
0.303086607622,0.0132845260338,3552.3572051
1.24438978333,1.98057844121,6243.83248319
0.635679210475,0.0848612510866,4046.30156048
0.135156141824,0.00221429660945,3018.39473431
0.653665381497,0.0950768150096,4103.40165288
0.928414234246,0.48614123799,5310.46325138
0.0618179259225,0.0408566520613,8203.35502165
0.108024789626,0.00120219559232,2863.04173743
0.510898232011,0.0402114432431,3772.90333284
0.126342663678,0.00185481716277,2971.03099517
0.152408030855,0.00299888436716,3103.95280302
0.297038079657,0.0127813276285,3542.52573419
0.13199529826,0.00208207356463,3001.71288501
0.532535722322,0.0454177015418,3806.02646713
0.0209770416034,0.00235572978946,4019.82532212
0.0220360131519,0.00268282201803,4152.63517789
0.0470726263409,0.0198989122099,6853.03811322
0.0898222818775,0.000687396043386,2501.44502866
3.52037770385,148.798945826,13595.1302949
0.0799478173018,0.000467506459053,2227.95559861
0.45650748697,0.0300943423983,3709.36816628
0.141194034659,0.00247694064198,3049.36492031
0.094747127186,0.000812974460988,2631.91641755
0.273121451534,0.0108571672022,3498.29740313
0.0648490696277,0.0463603366367,8466.66659781
0.269980336773,0.0106121142397,3491.80511328
0.0884398389226,0.000654024451816,2464.13792296
0.0824055218576,0.000518183635328,2297.58807281
0.047911496475,0.0208488250119,6933.399251
0.166445007619,0.00371204054705,3167.29756662
0.142534750879,0.00253703005178,3056.08775372
0.089435719277,0.000677980958169,2491.04401038
0.0773970034727,0.000417800181432,2154.54071853
0.120372524069,0.00162784606768,2937.36344925
0.410399490926,0.0238297903638,3668.81751643
0.140573469079,0.00244934369986,3046.23453586
0.178524437376,0.00437591924235,3217.66400951
0.366979877407,0.0190980893491,3630.83013735
0.288226306188,0.0120603597289,3527.25951587
0.0998881664038,0.0009550342813,2764.28153537
0.0567552430733,0.0326059223442,7753.5382843
0.382396061011,0.0206822183687,3644.98992306
0.233040665804,0.00786930472127,3402.03537211
0.111972132469,0.00133173795261,2887.55137699
0.343623397595,0.0168519696121,3606.62695511
2.52444883716,41.0321195611,10840.4142649
2.38941069871,32.945475644,10414.0658985
0.115601361995,0.00145628704043,2909.44409693
0.0747710821709,0.067511469384,9300.79780843
2.02945964792,16.9370797875,9181.21882042
3.95614007681,230.7711393,14643.5285467
0.0487918476354,0.021875473332,7017.2213794
0.0840619893037,0.000553867323563,2343.9224509
0.354299842596,0.0178581394416,3618.18504361
0.0732598950741,0.0639687247916,9176.30280971
0.103016924495,0.00104687270379,2830.79837473
0.817800340922,0.262614049464,4796.01540471
0.0207322370047,0.00228384463716,3988.80175623
0.10777587543,0.00119423571775,2861.47041776
0.127343186551,0.00189417378686,2976.54366624
0.0761940168992,0.000395388377836,2119.50597654
0.0561874177253,0.0317517622923,7702.25285423
0.198679136624,0.00557871072586,3293.70136585
0.0274694748951,0.00480049061993,4802.83005309
0.21209981371,0.00643986933167,3339.08354827
0.0999038642512,0.000955484965413,2764.68000316
0.197234708796,0.00548878620406,3288.57233501
0.129083922918,0.0019635405361,2986.04969374
0.0506331473497,0.0241228646801,7190.89642382
0.26131760958,0.00994558994532,3473.017795
0.0610352533219,0.0395051636528,8134.65763587
0.347820193885,0.0172436518653,3611.28095965
0.0733403388943,0.0641543294931,9182.95182036
0.0402804637747,0.0131877304479,6183.27167553
0.0712148051305,0.0593616887848,9006.42371953
0.0292624892573,0.00567260348028,5007.50532649
0.15486250742,0.00311888574509,3115.41761149
0.279061186746,0.0113254106291,3510.12400198
0.337988762148,0.0163334481846,3600.13377825
0.0399763830382,0.0129265287192,6152.42448699
0.0267218511441,0.00446322055116,4716.15315518
0.675017463649,0.108861860768,4177.03805275
0.0444914968338,0.0171463627095,6602.65818548
0.591881240262,0.0646026893725,3926.47066671
0.174251864748,0.00413599220927,3200.27285606
0.228430429869,0.00754619238452,3388.96893577
0.0769127244933,0.000408698303341,2140.46895695
0.1089888836,0.00123326051695,2869.09826939
0.108951266814,0.00123204144759,2868.86282842
0.0231017518954,0.00303908787658,4284.12000567
0.125437526003,0.001819536855,2966.01261281
0.287177336908,0.0119754761268,3525.3647399
0.116160058402,0.00147591943889,2912.76269451
0.0822323047381,0.000514523003413,2292.71533143
0.09496495108,0.000818767861701,2637.60210468
0.359935936351,0.018402867449,3623.9365464
0.510717396343,0.0401712025037,3772.64801615
0.0651615127784,0.0469523505822,8493.56760604
0.0558165969021,0.031201533327,7668.66554813
0.989714713694,0.663799903091,5557.83587747
0.0966443528326,0.000864107861347,2681.20443102
0.0954589290374,0.000831980496385,2650.4700738
0.390824588159,0.0215894278149,3652.33117198
0.504734983685,0.0388683069312,3764.39122239
0.562315819817,0.0540338493319,3860.71225134
0.907015808052,0.433884344792,5215.93166983
0.11053065638,0.00128371222037,2878.68836953
0.409995076049,0.0237814041689,3668.48016374
0.220109497731,0.00697483471992,3364.26411281
0.10763647149,0.00118978868966,2860.58902335
0.050847410732,0.0243932926322,7210.96553103
0.0209191253456,0.00233859803303,4012.49688419
0.0919581418866,0.000740581071975,2558.48794829
0.0239678037754,0.00334918576225,4389.45521394
0.0393141822423,0.0123688890051,6084.97062784
0.309688782857,0.0138417471723,3562.519804
0.0657464572247,0.0480732739917,8543.81307777
0.0364472565916,0.0101278175802,5788.34996436
2.73193596235,56.0457381179,11465.8429368
0.24463694014,0.00870169695297,3433.00600268
0.213776248258,0.00655058032936,3344.46954528
0.0269031060298,0.00454358941279,4737.24212913
0.222836681702,0.00716038511413,3372.52219994
0.0397473417065,0.0127319239248,6129.13690095
0.0255156034808,0.00395082789003,4574.54433387
0.033012070771,0.00779860255386,5422.25590094
0.0242203519111,0.00344315890884,4419.92682993
0.455392833845,0.0299223378543,3708.2931649
0.334314430561,0.0159996496175,3595.73875872
0.0215179537584,0.00251950510118,4087.94104257
0.27270101834,0.0108242640133,3497.43808455
0.105336640384,0.00111755526118,2845.90210536
0.0609245769455,0.0393163271363,8124.91915174
0.243513623401,0.00861986853611,3430.12211718
0.06526061969,0.0471411129989,8502.09143327
0.0961138601562,0.000849657207036,2667.47566064
0.138934054055,0.00237709892692,3037.90728982
0.631222916711,0.0825132011892,4032.86286007
0.0255965278696,0.00398399398801,4584.11476431
0.475892684164,0.0332880481832,3729.30007735
0.328584839821,0.015485618263,3588.61510911
0.0757151274783,0.000386651281666,2105.48506685
0.168883554379,0.00384242634152,3177.76630551
0.270638176252,0.010663287763,3493.17864107
0.0413478891911,0.0141304993344,6290.9348907
0.0479051318146,0.0208415140638,6932.79134637
0.126834826605,0.00187412995955,2973.7472151
0.174757265272,0.00416408579516,3202.35396001
0.0399359053231,0.0128920034022,6148.31225599
0.603512817794,0.0694022492682,3955.64433283
0.289411342718,0.0121564936376,3529.37989196
0.688268605015,0.118403558471,4225.82300993
0.270186443692,0.0106281389316,3492.2362458
0.0200602142006,0.00209356561063,3902.99016683
0.127494025995,0.00190013978089,2977.37164188
0.264885880407,0.0102184759104,3480.91576892
0.515521562366,0.0412578430294,3779.54788556
0.0314173916032,0.00684305156214,5247.93281223
0.031074758481,0.00664778817924,5210.08857172
0.0307755233208,0.0064801201826,5176.92148401
0.272338306235,0.0107959036986,3496.69435244
0.034811064383,0.00897127893606,5615.5125627
0.0713240147138,0.0596023170224,9015.53697643
0.347281929856,0.0171931460005,3610.69236498
0.300408432355,0.0130608714168,3548.06703884
0.456124015347,0.0300350343358,3708.99756084
1.29606466824,2.39182537845,6372.50827588
0.142119025852,0.00251832957767,3054.00902343
0.533904270927,0.0457747187845,3808.3006281
0.424324706415,0.0255573155663,3680.49476083
0.0587292232026,0.035685839579,7930.48581887
0.0304998937598,0.00632802612763,5146.27368828
0.305624387691,0.013497715991,3556.33214919
0.427557294477,0.0259765853976,3683.24319153
0.020070031963,0.00209627169746,3904.2507811
0.0291503391793,0.00561538862781,4994.83064604
0.676925099915,0.110187180514,4183.91841409
0.595016996456,0.065858477547,3934.14885114
0.0832415838491,0.000536041075062,2321.03362542
0.378868208427,0.020311534477,3641.84429618
0.022137400453,0.00271553222976,4165.23542687
0.290663600784,0.0122583576486,3531.59746696
0.106106859883,0.00114150821046,2850.85186464
0.219872994914,0.00695882378395,3363.540486
0.116116131908,0.0014743714646,2912.50226163
0.148892585186,0.00283057484486,3087.23539368
0.416724859262,0.0245993183175,3674.10011286
0.233875631146,0.00792830955386,3404.35531091
0.297290009356,0.0128021499914,3542.94550887
0.693032825456,0.122030577115,4243.91913182
0.503422583335,0.0385896939664,3762.62824879
0.599218563084,0.0675848290019,3944.65250696
0.544433838453,0.0486416245097,3826.55002515
0.214753726613,0.00661544342242,3347.58151024
0.0836932482363,0.000545818011973,2333.64914489
0.0210736023091,0.00238446559618,4032.02836175
0.0698942315537,0.0564996561015,8895.84616834
0.0331607795254,0.00789168917688,5438.36442217
0.0405853279528,0.0134528716585,6214.11895989
0.0608420490975,0.0391758834119,8117.65355917
0.106318462799,0.00114813089883,2852.20617862
0.0509557492721,0.0245307433288,7221.10217763
0.0613793461046,0.0400958515235,8164.89630327
1.343929039,2.82530025757,6507.2513896
0.0296912635719,0.00589468221983,5055.81195508
0.143750049505,0.00259204761712,3062.13454312
0.103747656717,0.00106890146647,2835.58860431
0.702109756553,0.129240483397,4279.18287134
0.234919840176,0.00800230795688,3407.23671869
0.0360994798167,0.00987468324299,5751.83748101
0.289292033102,0.0121468033406,3529.16737683
0.0680629612989,0.0526750917274,8741.32239974
0.101620882268,0.00100539615837,2821.56126326
0.0353630563357,0.00935173377235,5674.12431849
1.86366773841,11.8639004906,8552.60676096
0.0476999341137,0.0206066606158,6913.17765884
0.0227805047457,0.00292878779205,4244.70770425
0.0227905049702,0.00293218322029,4245.93742281
0.301336727574,0.0131382398931,3549.56528763
0.290418430396,0.0122383920101,3531.16516187
0.122713338724,0.0017152228327,2950.72559201
0.0800852442159,0.000470268275655,2231.8775494
0.134510037113,0.00218697195341,3015.01163309
0.222117122446,0.00711126392034,3370.35870437
0.0830272334987,0.00053143298917,2315.03421708
0.149436777962,0.00285635250211,3089.84640005
0.614711646766,0.074403863555,3985.5365003
0.0244160595178,0.00351709581099,4443.46601588
1.8083297771,10.4432102188,8332.66509665
0.923563950286,0.473878733566,5289.36088945
0.0880353755427,0.00064441820486,2453.16454562
0.076744144557,0.000405555078012,2135.56041201
0.0466369546792,0.0194163846501,6811.11016756
0.0699894107901,0.0567030020086,8903.83956918
0.148172370386,0.00279661608291,3083.76668249
0.240496276403,0.00840132116084,3422.25360478
0.0614425161221,0.0402048846698,8170.44137787
0.162990424739,0.00353056246528,3152.20030991
0.0482814043001,0.0212764712073,6968.68306277
0.112854889112,0.00136155529803,2892.93114983
0.0949870673836,0.000819357207043,2638.17899671
0.1701698391,0.00391195403621,3183.22628668
0.106427908848,0.00115156341714,2852.90573369
0.251655498432,0.00921858653246,3450.47544723
0.119491055686,0.00159548765992,2932.27575208
0.024784532423,0.00365896123906,4487.61163524
0.127287881271,0.00189198849058,2976.23988518
0.535043636778,0.0460746225851,3810.21086987
0.137521525762,0.00231562533498,3030.66497425
0.9926572188,0.673447279023,5568.73054305
0.0351767807757,0.00922224732217,5654.38016532
0.0511049757447,0.0247208553748,7235.05249605
0.037607029868,0.0110009688246,5909.26609345
0.0462516965701,0.0189958059557,6773.92282279
0.0223862920509,0.00279687848255,4196.08437673
0.294869476674,0.0126025750131,3538.8745889
0.0366842487278,0.0103026015303,5813.16351226
0.035821674126,0.00967533032929,5722.58514944
0.0224938826776,0.00283250552189,4209.38359767
1.14365555166,1.33126351533,6013.01152158
0.0375388765753,0.0109484146696,5902.19593453
0.0731327867391,0.0636761335888,9165.79172375
0.0698645507829,0.0564363373517,8893.35274283
0.0332594623381,0.00795384042364,5449.04044653
0.0204372472497,0.00219905359981,3951.25234783
0.657435028323,0.0973749042488,4115.94532303
0.0420232224307,0.0147479810436,6358.5626668
0.197282377425,0.00549174504293,3288.74237382
0.384566623759,0.0209128709713,3646.90222537
0.716093610787,0.141149177895,4335.44241759
0.246406031807,0.00883107472306,3437.49821114
0.0206584282552,0.00226244218911,3979.42373413
0.104580888863,0.00109428635143,2841.01415475
0.178613566563,0.00438098254721,3218.02194466
0.0300367712413,0.00607750400274,5094.56522171
0.0398970805133,0.0128589418026,6144.36661601
0.0474116923917,0.0202795489181,6885.57773795
0.0604502824051,0.0385134375332,8083.1173525
0.130457304749,0.00201906496817,2993.4747486
0.461425701475,0.0308676842751,3714.1962689
0.436877225327,0.0272277850231,3691.31117673
0.0927398058381,0.000760535672341,2579.18673605
0.209323695952,0.0062580343451,3330.028094
0.0590972719084,0.0362792837998,7963.2525508
2.70890459169,54.2139552708,11398.0246232
0.434793509215,0.0269423729394,3689.48559799
0.0775696833744,0.000421071580984,2159.54791739
0.40768058307,0.0235063044798,3666.5491498
0.0724122058621,0.0620331412805,9106.08618972
0.171649777183,0.00399258588652,3189.45565049
0.211277245486,0.00638579545898,3336.41819112
0.748657580109,0.172962390552,4474.60917514
0.159000104374,0.00332573773845,3134.36640564
0.234832123183,0.00799608303396,3406.99552025
0.264313823126,0.0101745699085,3479.66475357
0.0882732034369,0.000650058112479,2459.62020825
1.498984209,4.62245897447,7055.2199355
0.028170653224,0.00513079359441,4883.39606734
0.909369978648,0.43940308873,5226.50590542
0.47103210519,0.0324494826183,3724.06388498
0.0367597092545,0.0103586447771,5821.05292941
0.0577265836605,0.0340998871398,7840.86630169
0.453468010436,0.0296280799489,3706.45270512
0.097192769906,0.000879171196177,2695.35443091
0.0879879520814,0.000643296547128,2451.87616813
0.913504872294,0.449232286846,5244.97893194
1.59016251496,5.99858695031,7428.54987202
0.0714184830188,0.0598109528892,9023.41628549
9.96214419707,6700.34331709,24164.2750531
0.176877197817,0.00428276827482,3211.01321955
