#mass,x,y,z,vx,vy,vz
#(1.98892e+30 * system.get('S.I.').base('mass')),(3.08567758128e+16 * system.get('S.I.').base('length')),(3.08567758128e+16 * system.get('S.I.').base('length')),(3.08567758128e+16 * system.get('S.I.').base('length')),((1000.0 * system.get('S.I.').base('length')) * (system.get('S.I.').base('time')**-1)),((1000.0 * system.get('S.I.').base('length')) * (system.get('S.I.').base('time')**-1)),((1000.0 * system.get('S.I.').base('length')) * (system.get('S.I.').base('time')**-1))
#MSun,parsec,parsec,parsec,kms,kms,kms
2.46849549261,-8121.58561439,-102.088941315,6.79189429706,-0.910124728903,-226.761537803,6.31835437419
0.400592644736,-8122.68805716,-106.098729858,23.5966108269,-0.978547683486,-226.752903287,6.37976999906
0.622322520636,-8126.80968238,-90.3173043223,13.6266084231,-0.976250873045,-226.80903491,6.29944908864
1.22325257965,-8122.20341076,-91.3963338094,8.62322912949,-0.276593201793,-225.627506927,6.87561915762
0.394758845506,-8116.34860227,-108.196384005,17.0862506835,-1.13817539398,-227.238361876,5.94743197268
0.818479231388,-8116.90611482,-106.610543348,22.3817127362,-1.61837158111,-226.973945826,6.15869127914
0.810109849038,-8114.32438404,-104.825194972,10.5258791892,-1.08089955957,-227.094200368,6.24420958936
3.68792328643,-8111.40037526,-103.642460853,19.2990801614,-0.545881523514,-226.267723099,6.50482739595
1.32317791751,-8126.17054853,-98.6633130899,7.73043924562,-1.12921549398,-226.989951419,6.10570613751
0.671270956337,-8124.96526865,-98.2948375097,7.03451808827,-1.05498394842,-226.850965171,6.28716655764
1.49542853456,-8117.05244843,-108.408970048,17.3557122205,-1.27485151019,-227.064402581,6.2485386905
0.325993268367,-8126.51148238,-106.863585479,17.4722240961,-1.59111170592,-227.707093089,6.04984644337
0.583932323212,-8123.31708676,-108.110052951,19.6234792795,-0.950101956806,-226.844534458,6.37070561851
1.4245144885,-8117.56608495,-107.447441483,21.46823869,-1.11587296118,-226.888834644,6.20117634215
1.07082939145,-8117.73224794,-100.330395548,26.7986261582,-0.679728884609,-226.419949471,6.45935631922
0.65225863952,-8125.84229177,-89.1931818485,17.0186236381,-1.44615302578,-227.206776171,5.97905418326
0.832092614545,-8127.40278121,-91.1890548627,12.8728326411,-1.49436535831,-226.85161623,6.14604293641
1.5280814357,-8113.1120517,-93.3957569978,23.0069495642,-1.11416013862,-226.87456402,6.16492038853
1.77804040257,-8128.68098549,-102.735156484,11.7675954968,-0.637536638291,-226.553008267,6.79631575166
0.852598062975,-8109.94195774,-95.8823473031,15.3738779758,-0.749102061811,-226.489574215,6.29177485793
0.938385790153,-8125.83673595,-97.0011047536,7.60400287376,-0.469187513878,-226.633365546,7.36651719906
0.97976214939,-8123.47456674,-99.145058168,6.45668372563,-0.733325874634,-226.65681414,6.58950730498
0.266415928129,-8121.17642011,-94.2926289491,26.5792135223,-1.14650403596,-227.319997198,6.26257879945
0.950750361335,-8126.96092952,-102.488370808,23.8731823409,-1.23674160407,-226.966250945,6.14929035191
0.657038430888,-8110.58379002,-96.3857918265,20.8943709193,-1.07127941662,-226.949924573,6.26086592929
1.47333260203,-8112.85731408,-92.0548276204,3.16102648608,-1.54762344639,-227.706343103,5.53048075109
0.706871688436,-8128.60715625,-93.8613464393,30.2214088903,-1.14377504978,-227.041628659,6.15429117143
0.62208364503,-8105.21099043,-94.1723678291,22.263466724,-0.860066194019,-226.500309898,6.57838782297
0.76842443888,-8121.0381172,-110.636098312,27.5319895688,-0.841129785032,-226.410389217,6.62775541832
1.0605884894,-8110.87517877,-103.552808997,29.1496879676,-1.0319760477,-226.665171867,6.35251794566
1.6869133753,-8123.27922998,-82.1270158646,19.016308665,-0.813001268187,-226.632764474,6.50412562372
0.606640077238,-8109.85211253,-111.07926433,17.2085184316,-1.69398508404,-227.027873158,5.86055601594
0.795418027346,-8124.5873358,-82.474303865,14.3651686434,-1.15368535034,-226.981613684,5.98034573098
0.850799272513,-8107.19678657,-106.397891614,10.6023237786,-1.03177220852,-226.654658085,6.47510886662
1.09063109204,-8119.88026775,-114.693866619,14.471876443,-0.926007935385,-226.695695712,6.42954422289
2.25097946687,-8115.58346286,-111.275339268,25.6859882775,-1.49308953201,-227.203659465,6.14716467177
0.523242679724,-8104.15251299,-96.4568137163,20.0720160438,-1.37407504108,-227.170710822,5.5727655626
0.998033004721,-8110.2408461,-100.672273933,29.6361760249,-0.737395471558,-226.695382097,7.81003800369
1.21024944998,-8122.65200351,-114.522821005,14.7949576141,-0.944398113628,-226.757057875,6.34447877808
0.572927546462,-8125.681267,-83.0537657008,20.1582442659,-1.09845742877,-226.899917443,6.28384649393
0.627372626335,-8112.56184902,-112.272510063,20.9942552253,-1.4456523003,-226.859268692,6.0687442613
1.16991737557,-8123.48759004,-82.2931615495,19.6375220877,-1.10546200264,-226.871348891,6.22400898414
1.08811177208,-8109.72748155,-109.142597874,23.3568225551,-1.15518963413,-226.994859618,6.00061094453
0.171209588195,-8109.55675284,-89.136445309,8.00661683192,-0.92019033089,-226.771127921,6.42876345294
0.667033962256,-8125.00408703,-114.091356909,17.0476067426,-1.01109968873,-226.187687906,6.43098650796
0.426673998621,-8130.04247789,-100.823498926,3.50550006593,-1.49639027019,-227.056901197,5.86018144721
0.606475411433,-8106.9808537,-89.0494013344,12.7809339504,-1.44256907828,-226.955452276,5.73975953564
1.2575687543,-8119.38639643,-81.7134806713,16.2306334757,-1.19274339708,-227.001886557,5.7834760008
3.84437855968,-8104.52482219,-96.9882238126,21.6539487435,-1.17235070637,-227.127564045,5.66035956563
0.737367166313,-8127.30793098,-96.8314587375,31.5129101313,-0.363888520723,-226.729929721,6.73586998484
0.872612893964,-8125.34888021,-82.8816089716,20.0067242012,-0.831016593839,-226.59713181,6.56489668013
0.356541048249,-8131.98273931,-106.60575687,24.7077279846,-1.70608950947,-227.404193254,5.92189510934
1.69826651273,-8125.05715157,-82.4494604196,16.8363031896,-1.06746493266,-227.023872602,6.04679755849
1.22570478924,-8125.2183266,-83.105615352,21.1282555726,-1.07931204045,-226.85089167,6.26352058122
0.875738443593,-8120.59960989,-106.709344628,2.41137775011,-0.92876440191,-226.725186297,6.42025229384
0.792915032076,-8106.5355733,-93.9615302145,8.56704510634,-1.57304898063,-227.063331297,5.39010480928
0.56728490735,-8107.24003723,-107.332509563,12.0593482144,0.252594186871,-226.41056726,6.888035568
0.452548673358,-8110.39308766,-111.445425346,15.7784927038,-1.20986354684,-227.01351758,6.21535248349
0.795625132439,-8123.6506445,-104.221096161,1.62328766617,-1.03262162766,-226.840658899,6.34468563775
0.725273684998,-8129.80153187,-104.557073548,4.76906870433,-0.420285292251,-226.274541056,6.91434991115
0.709642720952,-8108.74363717,-107.529667113,9.31194711742,-2.38504260166,-226.885689111,6.09294443357
1.00989570798,-8118.08623249,-93.212347625,32.234476327,1.00744069615,-225.967993723,6.71898586724
0.754794955908,-8106.55495336,-90.8255976528,11.1144492617,-1.09115953007,-226.915077298,6.22992797984
1.69201617092,-8119.17393093,-81.761689286,16.0445870528,-1.32344421344,-227.080996323,6.03489690489
1.31412081842,-8116.6553005,-110.868175614,6.58073653585,-0.826874057393,-226.071293957,6.43363650319
1.51409638792,-8104.50295522,-94.7420043457,20.3003665698,-1.08829768947,-226.915056669,6.07038392483
0.320630375999,-8133.12800751,-105.62397779,9.39573020757,-0.908396490092,-226.744149534,6.37376722022
0.905967681118,-8106.88973936,-98.6468774602,6.91817146922,-1.37241350565,-227.470401262,5.8453719388
0.785717505659,-8110.09824662,-111.306979255,17.2038514734,-3.70163485719,-227.741834204,5.34963979033
0.444710622363,-8122.69127979,-98.5859394255,0.288610798726,-1.22964501892,-226.883249586,6.0801189361
1.36207237765,-8117.54730462,-97.1621499714,0.382058432399,-1.27258074975,-227.27458507,6.13564437869
1.4538088781,-8113.53522295,-110.149245056,7.38579150895,-0.490031932615,-226.479076619,6.77148291636
0.630632218819,-8125.29124392,-101.891690571,1.31158082453,-1.11052692291,-226.985232768,6.19322219252
0.818840016426,-8112.55484135,-91.4939514734,3.65762838055,-0.960083439761,-226.560733134,6.3834980969
0.599556515163,-8136.72096288,-102.566773663,33.8957134966,-1.3414294977,-226.932838193,5.55998726196
1.71379415418,-8125.39247,-112.994219293,35.1648156825,-0.623174791455,-226.472793237,7.63069391771
0.791261409272,-8127.37898427,-121.288117522,15.0427791998,-0.256689137143,-226.71281196,7.03810694602
3.59082829142,-8114.17155682,-86.9424233099,-3.87349382797,-1.93035992252,-226.926561564,5.48527741054
0.718653908149,-8143.82351681,-98.2842707626,11.2518191754,-1.15752598438,-226.993670457,6.18418876576
1.74722484796,-8136.62486019,-88.1605571276,31.4038818731,-1.95125457651,-226.894528081,5.29398836418
2.45903158587,-8110.38179951,-108.758040678,36.0870826986,-1.06572564936,-227.201277302,6.17352604153
1.2057212082,-8133.45567125,-112.565359391,2.23951734328,-1.47104113778,-227.014163402,6.05233716435
0.638464038511,-8132.09576234,-100.734078742,-4.33575590543,-0.905708662346,-226.608040483,6.44070182616
0.894812937644,-8108.33199867,-87.7021661041,34.8928023889,-0.848663970864,-226.832172973,6.33646484789
0.311949866386,-8138.88932482,-112.825888405,11.244742812,-1.53335831175,-227.697189268,6.22312762522
0.613132023557,-8102.39812294,-82.0228011858,18.6590476405,-1.03047509972,-226.815390352,6.4317437791
0.826585751429,-8124.64788935,-90.9480401554,39.3526457185,-1.5643437077,-227.934914487,6.195467757
1.41164151884,-8112.69540235,-88.7822248344,-4.34006435124,-1.00953157436,-226.803458877,6.38722051689
1.94744293325,-8128.44336016,-119.839746371,23.8161709081,-0.338721486983,-226.722877156,7.25598999386
0.309187992124,-8116.77994477,-86.0684526507,-3.96595821871,-0.574518432944,-225.876615974,7.00547640115
3.2338926388,-8138.48841367,-83.5506658793,10.5906070366,-1.00747444179,-226.726439748,6.40947330757
0.71853382727,-8104.98450809,-109.956058453,31.3189702213,-1.52995542944,-227.578129201,5.97106014522
1.17377918069,-8113.41470365,-75.2394481303,13.4536648561,-0.626738355576,-226.664874788,6.79565273931
1.33337010139,-8122.80680708,-98.3826402909,40.7471238944,-1.50956707266,-226.881976432,5.71000379616
1.16733668645,-8141.26016502,-86.6135675206,19.5372088903,-1.07380176968,-226.939928069,6.25395999929
1.10400559427,-8097.81194589,-95.7038390126,7.94054375225,-1.48181923302,-226.989732188,5.88072813857
0.29914630284,-8114.92508422,-117.647423248,3.12520857944,-0.92761076144,-226.658384716,6.48426751626
0.407419217484,-8099.25601283,-88.496376745,9.42079558436,-1.17344198828,-226.966630995,6.2306923918
2.69947269947,-8143.38809147,-94.5035787331,10.4815343395,-1.63152588593,-227.601248942,6.27164228298
1.282101104,-8131.65423507,-102.803904265,-4.23012054289,-1.02832022987,-226.845266591,6.30211319774
2.52996351682,-8136.44290047,-115.18225539,10.36829321,-0.769950594494,-226.516658949,6.60897941614
1.17405745893,-8129.3622457,-120.618688146,14.9263186173,0.234567076581,-226.116958572,7.41339511603
0.688555646922,-8120.72434525,-76.5871438955,27.4480656472,-1.28620661886,-227.187262187,5.92786252411
0.738422445996,-8097.30217386,-96.769053627,24.291433901,-0.751648924788,-226.457097553,6.90917662797
1.45527304151,-8123.86457469,-119.914451456,26.7888005018,-0.709433290692,-226.487385773,6.49045112622
0.594554786469,-8124.5506937,-99.2475971977,-7.17185644069,-0.548695176725,-225.898572355,6.49667862082
1.67797461313,-8109.98474386,-115.344490232,2.99384644811,-0.817795464771,-226.813004714,6.3537646221
2.08445937231,-8110.35294353,-118.853022071,24.4713120439,-2.54132170381,-226.970467324,4.77617271751
0.637844298759,-8106.83433449,-118.382103985,15.8472927266,-1.33753141009,-226.877758676,6.09160675278
0.612940838558,-8123.76803997,-97.8861720118,-7.30416020736,-0.559470969849,-226.433581566,6.45073833573
0.624177716876,-8129.85453,-81.6550570272,31.443295888,-0.60261162365,-226.69409311,6.32429633141
0.231118065237,-8114.99384931,-117.85246843,29.9084880885,0.00132416517378,-225.93860716,6.77808828446
0.682267615708,-8143.20769717,-91.0303473422,18.9797351891,-0.245682726639,-226.0498997,6.52182178487
0.841447216672,-8115.37243811,-87.2638108139,-4.34882684546,-0.788447218683,-226.259521924,7.43626506146
1.57781032843,-8106.71123923,-99.9075055743,11.6131107023,-1.04272190784,-227.063123495,6.27433198606
1.47896780051,-8117.6617725,-86.7133223534,8.21177839441,-1.20040084576,-227.063949415,6.05965354833
0.740094359995,-8112.84247235,-94.9424078675,4.60578724672,-1.04496933187,-226.885571246,6.24038786531
1.03774623304,-8132.20838753,-106.358350285,15.7016118584,-1.06822479316,-226.907733135,6.00638726518
0.350342347777,-8121.25301316,-112.692204976,16.0931758713,-0.628668925029,-226.722392095,6.71205607883
1.76314984157,-8109.86129377,-96.1351924127,26.5934420098,-0.296581886598,-226.837303397,6.81344645512
0.280539655078,-8126.8148235,-108.341412918,8.5232170865,-0.641107099186,-226.815069629,7.10594910233
1.93052534698,-8134.10227584,-101.087644424,13.2064015363,-0.619100720033,-226.051464375,6.57044798471
0.548170418224,-8111.15849115,-91.3098481393,25.5780084758,-1.26639782879,-226.9987757,6.20520779879
1.0272039393,-8115.08116823,-88.4746980577,26.0283716563,-1.68896809596,-227.856381947,5.23941367041
1.39439171593,-8133.09086974,-104.114103509,13.3038868629,-0.462751332941,-226.619134629,6.83106425012
1.00885246428,-8124.3898005,-84.3472071022,15.4547289296,-0.992971912376,-226.686332486,6.50020374513
0.769472556548,-8107.93456341,-103.319857953,10.9036755949,-1.04280886997,-226.939998537,6.15761304132
0.944481223103,-8117.21191301,-104.829486789,29.1779798811,-0.912530185942,-226.818015604,6.46658634928
1.59763311339,-8110.94157814,-99.21942246,5.56767680347,-1.29358026956,-226.917732618,6.28154169189
0.938727412169,-8120.72291588,-91.0393946128,29.271302712,-0.593836736695,-226.804598555,6.37034548156
0.113533451706,-8106.95878241,-100.822213544,22.029062533,-0.753158986542,-226.548849882,6.63275766405
0.424688826313,-8133.45458648,-92.1747988915,17.5252310431,-0.996568740159,-226.764586538,6.39753777542
0.665530285861,-8123.22643422,-94.0450005243,3.06827775178,-1.09836989409,-227.001370237,6.090089901
0.622512150491,-8106.50072923,-93.7843957816,15.9013665949,-1.74044251294,-227.54515846,6.06161176762
0.372480718667,-8106.71901788,-93.6279579916,13.9227724377,-1.19264884784,-227.010462751,6.09028417199
2.700415975,-8124.04954346,-108.276886171,6.82836359092,-0.841903728696,-226.843314033,6.30296355226
0.939366125899,-8133.58856665,-94.5990322699,21.2021963464,-1.1073672871,-227.49210961,6.17215808749
0.218074616229,-8119.53532663,-93.3956324816,30.2979715561,-1.62749647252,-227.156436254,5.85836203392
2.01240546175,-8131.0948664,-107.717671002,18.4292714032,-0.991768272551,-226.656300642,6.42108888279
0.387169335109,-8120.43964118,-85.1173212791,22.8385539971,-0.941963576573,-226.790362532,6.30286044103
1.16840381907,-8126.7555948,-101.702021658,4.15180211218,-0.993631451585,-226.581598244,6.48689424452
3.37034389811,-8129.285095,-87.1529577384,14.3066152027,-1.0790543595,-227.407760015,5.96334491368
2.12953049165,-8116.05491547,-106.55410786,5.47304641123,-1.05980483704,-226.859931854,6.2358538189
0.744640979227,-8114.12972805,-110.97775545,19.898606265,-0.87417467965,-226.09716447,7.08581679348
0.375829153728,-8127.14330661,-97.2703640644,29.4198484452,-1.13691711634,-227.156091958,6.28295122686
0.787197884328,-8128.3693438,-87.1487760898,21.3904819499,-1.38460736517,-227.918975934,5.93445354781
0.964919323329,-8125.28369326,-92.3955154593,4.35281971203,-1.58481656969,-227.565165613,5.44102819166
0.975935454775,-8115.46019977,-111.250917161,12.3847393305,-0.786598486512,-226.790364572,6.56315381475
0.971432621379,-8120.79496407,-98.585432108,13.9585888057,-0.868931461894,-226.686812301,6.30960206472
1.11869002067,-8166.70401384,-111.528617489,-7.68232575024,-1.09966820247,-228.487825326,3.91014741254
3.29462676904,-8163.21963143,-81.9608065298,0.480114659172,-3.14493184368,-227.617989416,5.96398237912
0.748599793914,-8112.4103852,-120.028869685,30.6850508038,-1.38549395955,-227.206444447,6.20479565087
1.97173363521,-8127.84988129,-92.2053596218,20.7634660212,-0.994372571705,-226.189172819,7.23315921371
1.56430430544,-8110.68235509,-105.693654773,11.2196971454,-0.778598668062,-226.550113341,6.51605488952
0.353619192165,-8113.49140286,-111.444498729,22.0623949491,-0.957047531772,-226.339344123,7.02628637805
0.30689754737,-8154.2905693,-57.4609798562,35.9724701187,-3.0178573273,-228.753783223,5.63004016624
0.490559523793,-8135.98371465,-90.6149721783,10.297554175,-0.266717981865,-225.973397236,6.98864906364
3.96091902124,-8096.83460349,-92.2532826134,46.7866860475,-1.57716236172,-228.894859982,5.3235188295
0.358429066546,-8114.88820247,-62.2691890278,31.7855555982,-1.01337002678,-226.827478758,6.42284033032
1.44740726014,-8113.63653782,-85.2935779172,10.0665824955,-0.53781845919,-226.741599241,7.13941564494
0.873469704295,-8082.62033842,-74.4286367049,25.7914881173,-2.04409476654,-227.761251226,6.03592431581
0.13359772797,-8115.86511715,-76.6163699968,24.1711645131,-1.61673311849,-226.85896552,6.03489049404
1.10643890272,-8138.59288026,-61.5635229814,30.9520082529,-0.353331994935,-225.411919779,6.96215860788
0.817881582314,-8155.25792475,-113.62230796,17.7043945898,-1.0394039029,-226.831362645,6.31639057876
0.850356764044,-8124.11658969,-95.0908531238,13.5691107301,-1.52437679619,-227.330308622,6.19768098499
1.03634705122,-8122.49282443,-92.2973828809,15.3321998635,-0.991456423091,-226.807163011,6.49684746332
0.600958636768,-8114.64051321,-84.8429393085,-27.1672557306,-1.06574702609,-227.393741729,3.98997213186
1.02430160785,-8109.06883245,-94.0942040326,1.19717344384,-0.662008864838,-226.708985171,6.83948118713
0.801888707092,-8113.46446671,-112.810270149,-20.2337730403,-0.526871933681,-225.893564221,8.12245187662
2.13538854526,-8135.93748724,-111.850224635,43.7984928626,-1.04672970836,-226.87017899,6.23954341584
1.03824112351,-8155.37780477,-141.229403325,12.8417350321,0.623905910568,-226.101853036,7.61629515376
0.236965263365,-8129.89382686,-98.6577245337,7.78924857989,-1.04678612716,-226.905037088,6.2148558995
1.75241167344,-8087.73163931,-85.0616751545,44.9289136875,-1.04508564788,-226.854716654,6.28822761388
0.863595653064,-8139.82860284,-108.558564064,9.43201355481,-0.597351941879,-226.437628933,6.74532072591
0.511432645306,-8108.66005171,-152.832094397,-11.1750230382,-1.13894237552,-228.931486359,4.03321896596
1.05361253436,-8147.91654017,-95.036285003,38.5373419697,-1.03747865864,-226.847468906,6.29335585138
0.249973056983,-8068.44480798,-134.791539891,1.36850427488,-1.85630388021,-227.545352433,5.31995871169
0.411024379224,-8113.55778273,-111.261236925,19.212143414,-1.22059493102,-227.407111764,5.83572748497
0.781024381971,-8137.18351039,-115.322152454,20.0693684166,-2.51521823102,-227.205767555,5.33026383837
0.63913920502,-8115.55115697,-105.872424342,7.60480811237,-0.233617454036,-226.588419813,6.56804683661
1.01390167564,-8133.03974967,-103.148162862,48.5036501349,-0.574538184597,-224.869092447,6.96673710206
0.336768580311,-8105.07522227,-67.4277319312,-29.8039189007,-2.34932210732,-228.492699739,4.57046679202
2.1907909284,-8145.53352199,-106.252142982,11.3533583013,-1.28673637474,-227.15216282,5.80142711887
1.0780728917,-8155.1865586,-92.0394741917,20.4123541987,-1.15145854423,-226.958605449,6.2762426057
0.956751259309,-8150.42090666,-123.252603498,15.6749056272,-0.871193723895,-226.824615741,6.31632826465
1.1344092263,-8111.1707508,-97.9289954553,16.5312752161,-0.905347811863,-226.733597377,6.3684747332
2.89924139057,-8106.422717,-103.646249726,3.83974106419,-1.51486291959,-227.38694695,5.95859297254
0.846068851074,-8099.8344755,-113.852834472,-3.05450185045,0.00342306517179,-225.565632941,6.6852027328
0.841324987362,-8125.88312368,-103.24848077,5.19529262274,-1.11170584076,-227.175902297,6.14201670128
0.453151360186,-8121.60951875,-101.04102685,21.8005437242,-1.18278143386,-227.182853888,5.91088878989
0.581953319204,-8117.3498388,-156.646847678,52.1668550824,-1.98249484397,-227.531521528,5.77164628613
0.368828051166,-8126.77019613,-106.70685773,35.2384417062,-0.99327168788,-226.80644198,6.31469356914
0.303585442962,-8122.96762951,-118.704442462,19.724614849,-1.03776209789,-226.849000978,6.29056936125
0.591373326408,-8127.86537239,-108.080926542,23.5586407858,-1.31065625869,-227.62041966,5.70714422814
0.532426991046,-8125.41611702,-86.8624257485,26.4403928391,-1.37321695604,-227.196933531,6.27871181395
2.01365215735,-8115.59207458,-89.8799394891,-2.51277737332,-1.19992892305,-228.426447405,5.72463492423
0.64304491691,-8102.73079325,-130.881542588,49.0435611694,0.524876030448,-225.483903405,7.73915953837
0.78845680969,-8156.33853198,-53.1379187943,-2.36178954112,-1.44629672118,-227.709519572,5.17571947824
0.576918579736,-8089.55510827,-101.647437874,-1.25805434491,-0.332960593434,-226.256041183,6.68493532229
0.649802505788,-8115.31097075,-98.4337441361,15.9483257883,-1.03442243916,-226.830350443,6.31703733691
0.115750076887,-8089.56579149,-144.216127219,47.2085888777,-2.3579771156,-228.442494832,5.36304923895
0.345619641037,-8126.78532869,-89.2345333387,13.7177123236,-0.424845226603,-226.510525449,6.34235019477
2.57177951154,-8084.29721624,-99.5830973054,-6.18585805994,-3.33873908474,-228.315160542,5.42012241024
0.840869739116,-8122.04198362,-96.598411184,19.3764915876,-1.27645275028,-227.049517721,5.97690444889
1.59735226728,-8110.79549718,-92.4800268499,13.7803323357,-1.17629150222,-227.071576225,5.97720834274
0.178954746966,-8130.13721387,-90.3902262777,42.0066266508,-0.274579189483,-226.515831918,6.89004834012
1.37730105096,-8115.37225518,-100.32070496,24.6915403293,-0.924995270477,-226.84066326,6.30071809978
1.18812509923,-8117.02037315,-104.838099885,11.229559111,-0.897556986336,-226.686313584,6.34414586082
1.2393403621,-8100.36051241,-87.2432246879,-6.10775064601,-0.241263892945,-226.157326956,7.27959280538
0.728311468103,-8103.68921661,-107.914958927,9.56102187217,-1.26343512163,-227.843662179,6.17938538425
1.12248029542,-8121.42964472,-72.8606201966,14.8149694629,-0.768231165209,-226.58467201,6.47671920807
0.565477423651,-8132.33445097,-103.86680882,24.7651679367,-0.917812233989,-226.84936768,6.36525660712
0.290093813562,-8146.89065944,-149.494096955,10.8431793939,-0.984792394288,-226.660978091,6.30094916244
0.784595558675,-8120.74889993,-149.650005747,14.8119955798,-0.856956589587,-226.665517534,6.47333206161
0.682608643875,-8129.50963225,-95.0967463682,5.43832174303,-1.1394873682,-227.26107748,6.28063128691
0.856405821867,-8130.4246523,-105.680454421,23.135784276,-0.706913319885,-226.566009398,6.49864155409
0.729824348348,-8115.28567154,-77.8413699194,-31.8260891245,-2.27520788331,-227.009473356,5.39620379342
0.903346372373,-8128.88216279,-94.6115123465,36.623962461,-0.912785987702,-226.425211774,6.66434333554
0.878312766517,-8146.14762328,-73.9470869724,25.1623275049,-1.01882541554,-226.823036447,6.30001569108
0.397908559195,-8130.69135882,-83.4158769181,47.999198615,0.177696892313,-226.410383593,7.2805030507
1.29417490426,-8123.08389643,-96.9717807382,11.618520305,-1.52237887491,-226.862019812,6.05349324921
3.64884039598,-8118.30049109,-96.4409165125,9.84790848965,-1.05433590503,-227.585576465,6.19985279144
0.935776659033,-8090.36007227,-74.5830881212,6.04309893604,-1.55715101899,-227.603184889,6.09825057524
1.18426029013,-8124.9301818,-103.278720867,15.9945370414,-1.09636834392,-226.920589764,6.27138248218
0.787163774453,-8100.65897678,-124.614560357,20.5165808405,-1.0010386497,-226.835020267,6.30056025476
1.20415571429,-8088.47916755,-112.651603234,21.9441173873,-0.1079272858,-226.164974305,7.82643329501
1.04032082683,-8114.28388558,-103.961060209,19.1728754616,-0.358737977688,-226.475835238,6.56810832821
1.9292022386,-8119.7397484,-112.114409792,15.8844713083,-1.31348331422,-227.07479307,5.83249915462
1.28630851271,-8131.0860531,-96.1409197014,5.69344381158,-0.905719140251,-226.798161772,6.32171015682
0.299165362409,-8109.89664291,-107.548347311,3.08811161539,-0.346320960558,-226.749286312,7.31308962162
0.604586005707,-8128.63327851,-111.679311358,-21.2631235442,0.202136039122,-225.660542673,7.00995385815
0.439302546783,-8097.58931667,-103.121417919,26.5624280891,-1.51532170886,-226.897542126,5.83298842305
0.918592265066,-8125.46991187,-98.7106478246,14.2119932651,-1.17540775299,-227.166542619,6.02804462772
0.47830924998,-8127.90218043,-85.0164983858,44.9346055164,-0.86616259906,-225.462353859,7.42839896823
0.491417590028,-8101.19551097,-95.0143665276,29.9436007107,-1.0475902169,-226.881417098,6.14064182346
1.25860760138,-8098.06982835,-57.5836353149,5.58769094903,-1.33865822021,-227.186543041,5.96535912126
1.01049893718,-8118.84003146,-78.4934057337,3.47879079652,-0.70550568633,-226.461380135,6.58167108157
1.59227589072,-8086.77616735,-105.359284547,21.5286551835,-1.45516949136,-228.302467204,6.26100398872
1.25384361379,-8101.13168229,-90.1342605287,20.6824769383,-0.909014180771,-226.589548165,6.44263837154
0.42668890725,-8095.08299498,-105.917986602,-26.7654091418,-0.943570691057,-226.593803314,8.80858850713
0.784486399187,-8119.50945044,-87.1328807072,8.77460446469,-0.922299278055,-226.782679934,6.35181775253
2.33833394399,-8126.92193255,-92.885851332,43.4786422341,-2.21006032208,-227.79351173,6.21286600776
0.998465249221,-8135.7829498,-115.149423782,17.4586121255,-0.87355638283,-226.576139464,6.4107066875
1.59643536599,-8090.43261936,-91.7465257121,25.4469447045,-0.947085417624,-226.086532103,7.24163346209
0.397271397511,-8116.84861888,-94.4628304731,18.7417058877,-1.29649750804,-227.019214197,6.27554979449
1.37561985136,-8083.18527857,-86.4186017683,-5.01500286296,-1.30348466591,-226.88915493,6.05180691009
1.60250935832,-8115.05370024,-98.8797780956,24.26570614,-1.03898925125,-226.849058636,6.29123448492
0.441344736391,-8135.52629476,-95.2986364021,42.4220429565,-1.42287808684,-227.209569423,6.15423324601
0.825093938207,-8091.67094484,-116.187070549,44.7931951138,-0.36724209416,-226.719384031,6.94830121442
0.397323818051,-8082.7219564,-74.0016104504,43.364473042,-0.725870879746,-226.71922586,7.12056067192
1.0708749107,-8082.62635201,-86.3190499896,22.4155565079,-1.04272491854,-227.758601498,6.00356774554
1.1213304183,-8125.34337563,-152.483599864,30.7285825972,-0.0228363404775,-226.055006687,7.0559106858
1.30516386139,-8111.01063954,-114.130184645,-18.7636534664,-1.88879927785,-226.988019439,4.36137225224
1.56789855332,-8070.78542602,-87.7460062431,24.7842118357,-1.46886677652,-227.784147563,4.78346716684
2.48176916309,-8126.67299524,-98.074497978,26.0773858004,-0.324862820034,-226.555404863,6.49852090275
0.419204473198,-8123.7749658,-85.5184871103,10.6395240039,-1.20461760277,-228.00270252,6.24784653592
0.915764497019,-8121.76235288,-83.510181786,35.8556453391,-1.19145588532,-226.880775742,6.27289793523
1.92941512625,-8121.66603528,-94.4089316464,10.8216843027,-1.56624949123,-226.922954311,5.74050901443
1.37195032104,-8126.21428178,-96.604558461,24.3179433335,-1.10320843787,-226.85355921,6.23056329495
1.44188825275,-8132.61993092,-67.3940241069,37.0831840794,-0.843462322981,-226.770538121,6.37773529122
1.64980217977,-8117.05390328,-95.7010415609,1.02095030733,-0.870343752362,-226.82957588,6.45005745562
1.19086914709,-8107.1296259,-81.4715649059,-13.2248160049,1.29457544469,-226.682465784,8.28240297952
0.363350580346,-8134.31076476,-123.510243765,13.5890952715,-1.7458749153,-227.477082556,5.86793204159
0.498292589371,-8097.13758255,-111.655498269,36.7383872164,-0.460538592031,-226.76890385,6.90307574876
0.543196813173,-8119.84613165,-81.0286203133,42.2787798178,-1.72159555502,-227.420338886,5.63139708234
1.42646903085,-8130.07554587,-88.6248182691,-1.84793297943,-1.91622238224,-227.937855025,5.38673672263
0.669228794819,-8139.65528743,-131.698529221,-1.74286733939,-0.653065195602,-226.230713639,6.57028784842
2.03194988401,-8128.02420514,-59.5118241993,9.45645470617,-0.353827952262,-226.412413466,6.48151977137
0.204012534417,-8115.10893385,-108.418802998,5.23773736617,-1.31289479936,-227.572368545,5.96689566694
0.752257504165,-8116.05010493,-97.8451505425,26.6857244689,-0.766803214775,-226.786011688,6.44501254577
0.594264531703,-8093.80034571,-62.1227784503,30.5231417268,-1.37393229587,-227.25302659,4.4948667599
0.651341645221,-8120.48882413,-88.9067146671,23.7833671488,-0.665976336047,-226.718627932,6.58210010291
1.50568301416,-8108.90042918,-109.890534561,-1.63313565884,-2.48310932837,-227.141196602,6.25788752294
1.09137709277,-8091.36157246,-52.1508295441,40.4227024323,-0.76976096828,-226.827826056,6.69616575907
0.762410156428,-8172.22983831,-96.0088802601,13.6743419478,-1.38121510782,-227.113289045,6.04932567402
0.531916860531,-8111.13087489,-130.65163608,15.6906092592,-1.65698959444,-226.947569704,5.28870622689
0.842365137813,-8098.60220929,-103.075948149,10.9782909556,-1.40848646639,-226.958358421,5.95865478685
2.4409466489,-8117.5867595,-114.848083573,10.8860466117,-1.23296308277,-226.875417344,5.37697515035
0.529799009235,-8109.30392924,-102.355378824,53.4569871677,0.32432743316,-225.621975764,6.67602559707
0.627563214223,-8125.70515936,-73.884431693,10.1967645164,-0.739054745307,-226.821816609,6.5938420945
0.770901450448,-8079.44453787,-67.6921635561,7.31207057123,-1.08215284089,-226.899855603,6.22186700151
0.475420018636,-8082.77054877,-135.391989117,52.8571041008,-0.375646193882,-226.083850609,7.05270155117
0.651254577634,-8109.55856308,-102.07690912,18.4401432794,-1.3906121932,-227.284188568,5.8962766391
0.648079725386,-8106.2108944,-72.3587249414,-5.80837019625,-0.398860377729,-226.78357202,6.33322235486
1.07581658636,-8113.99861363,-99.4972581459,-4.31106061469,-0.550948381566,-226.564103255,6.76562669901
0.99770496402,-8116.55079484,-90.9987387148,14.5475777215,-1.24526075321,-227.110840983,5.83070801477
2.64319049123,-8102.20418882,-63.3420719748,3.0702418852,-0.0249808400757,-226.752680022,7.24530567106
1.08278331117,-8127.3781285,-90.2272116501,26.760549034,-0.359019984041,-226.579038475,6.59503346034
0.688088415596,-8132.72466992,-100.208277279,21.1666728331,-1.07730940417,-226.862639995,5.90695547745
1.60090514828,-8138.67467589,-99.3991217305,18.2913713407,-1.17084348194,-227.115689419,5.13033514881
0.732156226521,-8121.51388852,-135.091088801,-16.0473006105,-1.19361214323,-227.020453235,6.23956625229
0.432373149062,-8127.89911175,-108.126979288,20.534502467,-0.275176384154,-226.048887381,6.77301164642
0.817250854712,-8128.38822795,-113.837036455,-14.3372528336,-1.57514359814,-227.345425763,5.86113569862
0.603200611403,-8128.5732381,-84.9630951883,44.4311363702,-0.394808646936,-226.757367948,6.52804223226
0.883988346544,-8129.10684439,-102.107948739,2.66106951756,-1.41105078273,-226.898187037,5.41126673788
0.592030155703,-8103.87511392,-118.947397796,27.0556269717,-0.763025916528,-226.774543027,6.59518048407
0.417378256316,-8114.63127155,-151.64670539,-11.4559854861,-2.39544192476,-227.388414444,5.16185319446
0.826306882901,-8155.62458394,-104.931302998,-2.13724591736,-0.948318932275,-226.438252496,6.64454127767
0.365332664848,-8107.31186028,-64.7326426358,25.1398300922,-1.02088516274,-226.159549509,6.81529262289
0.766701649557,-8117.59156252,-124.569716783,25.3928480036,-0.85543430658,-225.34751348,7.73936465121
1.10112876989,-8113.41866008,-97.865023403,11.2876673917,-0.928940287656,-226.465003633,6.33419505615
1.19054081978,-8117.8381655,-86.3366387819,48.0173326952,-1.13614225508,-226.851949226,6.09970982996
0.231088974597,-8118.93267316,-105.354261113,11.2437132911,-1.0956859383,-226.861769898,6.26468419346
0.474238307721,-8118.66612415,-102.61360661,19.582297526,-1.10070276322,-227.139830028,6.26773345322
0.866309649321,-8093.99694403,-96.7947310559,-25.7632164021,-2.10803468684,-228.047394577,5.43010424808
0.597956832823,-8132.37398502,-98.5111820174,4.38566963048,-1.04825873778,-226.863964188,6.27149277743
1.05805029915,-8127.03025862,-126.738062315,8.48940564302,-1.08414853919,-226.898824494,6.24953230631
0.479553106967,-8113.24175883,-125.426313285,14.0079611255,-1.48708912191,-227.98379915,6.18641883913
0.738301413287,-8113.04029157,-117.656671851,17.5638517231,-1.15192098833,-227.036168056,6.27538800987
0.575661561163,-8126.95999119,-93.856978567,16.3608810497,-0.738777870647,-226.499932012,6.57221618053
0.840600886948,-8097.71631896,-71.5539277571,28.9010338988,-1.01796722688,-226.543209299,6.8726515123
1.56534332887,-8137.46371618,-108.798644712,-13.2472668744,-0.518266487971,-224.700794619,7.74474059388
0.937335938062,-8120.72435463,-117.333089656,40.8867150521,-0.778704419875,-226.031987864,6.94162597957
1.71322014936,-8132.4557968,-67.2384771293,30.6531634962,0.126192414576,-225.297513647,7.10716981207
0.903093015611,-8127.53227715,-89.0400186502,25.8293036897,-1.23234252102,-226.952461926,6.11251630405
0.938947795491,-8126.85938132,-79.2462182361,14.9561012687,-1.46067633886,-227.895125348,6.22457738214
0.466672755262,-8122.83302878,-94.5523635596,12.4274046817,-0.698043246215,-226.532436222,6.41646464154
1.49149156288,-8126.0171535,-74.3256051709,29.8528425234,-0.494566830429,-226.320382489,6.92451684047
0.606462012455,-8109.76558921,-108.86794635,43.8943989933,-1.3653025412,-227.342863745,5.37419199232
0.518080572113,-8132.93698017,-67.977510226,-27.8031642412,-0.595170381177,-226.625198729,6.77319234599
3.77064108248,-8110.10853401,-132.936600532,14.9480202199,-1.05852908625,-227.158612499,6.20840568977
0.568762226764,-8113.08900241,-99.8752368495,11.4866975788,-1.22174826792,-227.163297425,6.00432193748
0.739641953824,-8101.92553341,-59.4733575086,23.3904590701,-0.428307651394,-226.209865157,6.67955934903
4.73600297821,-8137.61240428,-89.0322308423,3.98250109007,-0.903361284043,-226.250754558,6.60189295838
1.31672053973,-8109.65448122,-94.9542787413,8.66635595819,-0.879626975585,-226.645603775,6.57839383203
1.2901519379,-8141.40579099,-127.027247243,31.9794420529,0.252050846022,-226.766987639,7.8212815938
0.367381182926,-8160.55633022,-91.9683188239,0.59921771827,-1.49092450092,-227.065347445,5.84808376985
0.61059838712,-8087.1832904,-134.854971716,34.7910374273,-1.66702846283,-227.376543353,5.9103374606
0.410969911548,-8130.25341874,-86.2413963568,17.8790706175,-1.10103560812,-226.871332408,6.28025978808
0.767685181325,-8146.96145125,-131.412419426,-2.15854866885,-1.14611757048,-227.989132443,4.74805040944
0.807433608763,-8116.87229041,-104.732227585,21.3066959729,-0.964521330998,-226.80997591,6.42453838433
0.86797960738,-8116.59871562,-111.775552038,19.5658353536,-1.30186570319,-227.245812314,6.19730099877
1.84928891355,-8149.06853395,-115.747865343,12.9263420791,-1.28648172247,-226.895709045,5.76085716668
1.61663240503,-8138.15492905,-82.1674960376,29.03363496,-0.286643530541,-226.653693,6.65903357515
1.34518458806,-8113.4163648,-83.0224234535,19.1067548706,-1.05427779961,-227.571374827,5.61980194045
0.836780462212,-8116.1931693,-141.437349691,10.7198704331,-1.0508404425,-226.912530819,6.12628348317
1.60269971107,-8142.88131505,-119.130618668,3.96708635762,-1.65135158641,-227.670602824,5.73601199517
2.13783615847,-8123.94724469,-100.695234124,20.5503304358,-0.783394339231,-226.428950888,6.71937646653
0.295855896543,-8118.30899247,-99.5974200653,18.4234373381,-1.07036210272,-226.865845486,6.27062254933
0.740501189337,-8122.59686143,-98.0390435352,12.7201451282,-0.982805637486,-226.691983845,6.40347447312
1.89432211936,-8121.23286694,-111.232045139,30.600822859,-0.536832148872,-226.836421057,6.87336417248
1.86728882486,-8096.15036009,-71.7350636429,40.2025960564,-2.7077554135,-227.736586705,5.98078730362
0.635721705291,-8134.39050542,-106.15836617,24.9532002737,-1.04386950188,-226.912122864,6.12918141335
1.40555609085,-8101.75497525,-92.0200431043,36.8842429405,0.000949062520801,-225.862517334,7.05191453322
1.09509677904,-8144.95407292,-117.441344045,20.365767616,-0.709382991075,-226.50010583,6.60927304039
0.610636645215,-8142.05308885,-104.14244419,-8.02182025971,-1.78970183782,-227.294141626,5.58042646829
0.716699370926,-8101.78192808,-56.5339032152,-9.39058198149,-0.864099865419,-226.465697497,7.4991973492
0.433360494774,-8140.05016959,-99.4321538484,-3.07034658498,-0.142982995945,-226.315006776,6.32139996697
0.966885230769,-8104.15243982,-108.229523034,54.0373610104,-0.891811151996,-226.737765847,6.35618777816
0.817421257777,-8099.30498646,-130.277567099,35.5953191289,-1.47630808713,-227.163370378,5.95069784007
0.523400511598,-8110.04030827,-70.4688185102,-4.02404816441,-0.153641459749,-226.688997734,6.393616375
0.642747538842,-8165.63931155,-89.882611672,37.5292898603,-1.044530934,-227.371380793,6.04522734213
0.794006746982,-8146.41109049,-71.5939824461,16.0955457163,-1.07068410864,-226.85156764,6.25831023436
0.699440513508,-8086.97200211,-77.377187038,11.1156984073,-1.13796956254,-226.8592953,6.11099781205
2.07328003825,-8133.57762301,-132.217981663,21.9309873989,1.03420337136,-226.496146597,8.45977941196
0.53523804564,-8113.8377064,-84.1518366389,-6.38389109104,-1.05261873296,-226.861934066,6.28996625002
1.47671012132,-8132.65636077,-114.179545409,9.78798647366,-0.821868341242,-226.753024128,6.30745632084
0.733393679141,-8124.54131741,-101.547637639,22.5242774499,-1.13914223773,-226.957768538,6.11473463913
0.515690726131,-8131.84714804,-85.7365730039,12.1355710726,-0.674515575099,-226.435879773,6.42594908322
1.31089520884,-8103.1585518,-94.0861700093,36.1132943264,-0.81928014451,-226.638464291,6.53882085721
1.86357759282,-8151.84490501,-87.3310912352,5.55190063313,-1.44962847839,-227.168777292,5.89047882742
1.12546779516,-8127.46234036,-92.9076612183,13.5051889563,-1.75592123482,-227.269641006,5.88742939697
0.776254445492,-8093.68963544,-70.0401653514,21.0397521412,-0.240515614847,-226.167859713,7.64542254623
0.887742286172,-8146.27386748,-120.535860354,22.5252863413,-1.34625319535,-227.044693442,5.77967224529
1.52423243768,-8097.34442173,-76.9401193062,-4.09462956264,-2.17792872465,-227.409933003,5.40060345915
1.42943161232,-8154.51810028,-99.9993288427,18.5618133709,-1.13273003409,-227.684923611,6.21906835305
0.536279056626,-8091.97755129,-101.229324434,26.713462461,-1.0959691178,-228.025192717,5.70839928336
0.635979471313,-8128.1209008,-103.388825725,1.18123002459,-0.737179566922,-226.484560904,6.34684630714
0.471918077739,-8126.37738307,-104.113194155,22.2220807087,-1.69917080705,-227.318110244,6.18799391726
0.657465767757,-8102.81632844,-102.24377993,-12.6769216779,-0.484007448254,-226.329952658,6.72998816867
0.187052393642,-8115.8580565,-111.062949717,34.2863686795,-1.07435647634,-226.86932328,6.25326857331
0.463960216879,-8104.10898356,-96.9734999148,48.224125511,-0.590434400019,-226.747721634,6.7053490229
0.841444371568,-8137.52902027,-122.737311136,31.846402966,-0.931584680191,-226.494935791,6.70214641832
1.18915346849,-8101.18046589,-118.892601929,20.4758927423,0.288278290038,-226.572956966,7.61886275617
0.590526139218,-8117.8802237,-77.7462038332,-5.32879084534,-0.865531639808,-225.388941204,7.98290500915
0.261960397652,-8114.02862146,-97.0220210749,28.4795221433,-1.81650600765,-226.97006244,5.86041142941
1.57270238137,-8145.77437877,-91.2845986511,19.2353221747,-0.169198450555,-225.434597172,7.25246256512
1.13312543021,-8099.98171703,-78.7608558522,17.1501855875,-1.09009473886,-227.00022307,6.06458430513
1.41659563663,-8123.4512735,-81.1197484693,52.7539309842,0.0205027857792,-225.542970545,6.56335793098
1.13374478291,-8085.17577581,-90.9570777635,10.8087201921,-0.303880916164,-226.804249373,7.05104467225
0.957826929175,-8121.2213835,-78.4046959417,24.959576496,-1.47191561452,-227.182470349,5.91990415953
0.687673873756,-8135.49419103,-117.194702575,2.27247429509,-1.13827543748,-226.906078404,6.15241845922
0.455376140949,-8115.35695622,-97.3191916844,22.1508660272,-1.02940640909,-226.783622423,6.31612557584
0.501588742183,-8120.48773629,-94.1054064333,25.1355035971,-1.56748832478,-227.123338356,5.86350470605
0.406636170771,-8131.74336197,-125.148657701,42.695675332,-0.720228824323,-226.693338953,6.40910121846
0.724151937891,-8108.31462657,-67.4339450854,12.6487952417,-1.52138016193,-227.969837928,5.4658888467
0.310058575165,-8145.66589223,-117.818191898,-7.5874784105,-0.625345865745,-225.512439072,6.37955717292
0.618687129102,-8137.58204096,-126.847891921,10.3696916089,-0.129622265467,-226.278265014,7.2421829448
0.126346802884,-8108.36610956,-103.587989569,30.7368022357,-0.948457366346,-226.775969851,6.33362303146
0.713669572895,-8135.04481275,-86.8613070707,10.0766157435,-1.04048417009,-226.85258592,6.28852254459
1.94885998732,-8110.05860321,-93.7998251609,7.81980217903,-0.975226292626,-226.231563577,6.54101248998
1.7763516788,-8096.27507312,-89.0424723026,5.72250016079,-1.02557798271,-226.583688643,6.43251471923
1.40550866333,-8124.51928357,-106.891010434,-12.8862551693,-1.41690154876,-227.811012924,5.10158625215
1.27427997764,-8110.48104225,-76.199729983,31.1988807741,-1.03987057484,-226.560085909,6.61327802783
0.6954867755,-8126.70733012,-94.9046985986,15.090297821,-0.615721115655,-225.86043396,6.47045341703
4.84339297313,-8139.16164227,-123.134539383,44.0015417795,0.491342282444,-225.112142032,6.51185581362
1.02853801417,-8116.00162202,-68.9741678939,21.1274899391,-2.68368955464,-228.403317292,5.59159759932
0.653145312617,-8105.03295273,-118.623492727,2.53614757514,-2.00411099254,-226.850067214,4.98858034558
1.15030075012,-8109.02342988,-91.1802147708,47.5714269493,-0.768383535447,-226.543860135,6.61801224393
0.6424242614,-8106.70172389,-99.961622315,12.3003261578,-1.33965372988,-227.307332854,5.96454664843
0.931403090845,-8099.46571155,-96.7885358185,-6.33535745796,-1.28978452282,-227.010237759,6.24291295835
0.452035511236,-8136.45192658,-88.6000766773,6.84241601438,-1.86824896933,-227.467973306,5.65605985791
1.67898296445,-8125.55247542,-111.352294852,18.4467760676,-0.275290901175,-226.791649362,6.62257710368
1.56784073353,-8125.86574985,-88.1721547695,44.6016520786,-0.769590200886,-226.137006364,7.20248008838
0.742205650259,-8114.95784695,-125.063455053,27.1340823561,-2.11720203899,-227.356764386,5.41355738859
0.897066769135,-8133.68796523,-71.5676468682,-15.10101298,0.561720620013,-225.656505059,6.71395622862
0.315729221761,-8083.98541559,-74.9209944301,30.0045654034,-1.07909763081,-226.912388037,6.22647980369
0.565951913851,-8097.49943247,-114.885389493,13.6609842237,-1.01155243195,-226.810718831,6.29887267845
1.98722529467,-8104.8185516,-91.9961623923,7.93893210149,-1.2146200558,-227.526179419,6.19403550597
0.454373240202,-8120.26406071,-55.1421463447,29.2121967999,-1.08957638029,-226.959097723,6.13705143818
1.21135790742,-8142.65198793,-86.9115203664,3.99051213189,-0.963166336809,-226.812847058,6.4071449504
0.742006038549,-8106.55569693,-89.439195061,24.5496940784,-0.756790282796,-226.728660809,6.42440679884
0.727787581143,-8109.67872481,-108.221187942,14.6563098069,-0.506359952774,-226.346366386,6.58040545823
0.855351558466,-8109.49417624,-76.2489400844,2.58973446436,-0.911552904452,-226.742081565,6.36298718176
0.72046207942,-8114.21966447,-114.192407389,2.13796110263,-1.51085074343,-227.555481242,5.52744527184
0.287798419542,-8125.80919944,-72.9847582611,-5.43174335457,-0.806858538626,-226.737830883,6.51887968225
0.274491287629,-8162.37194232,-125.279997654,26.7344503999,-1.05463593736,-227.92147556,4.50685510375
0.395827325519,-8140.78226918,-98.9101218968,-3.53635153786,-1.54212368465,-227.227811788,5.77624278717
1.23257150761,-8118.9772385,-95.7605170401,23.123206431,-1.21897923047,-226.96177135,6.13216798289
0.8673866402,-8116.24753488,-94.1771530548,33.7099198279,-0.935521557341,-226.774835877,6.35107634694
0.944790973632,-8121.2972992,-107.199043184,3.5545722272,-1.01142178043,-226.564508705,6.72107745259
0.376848331727,-8150.75326218,-99.5961850956,-17.6390377169,-2.46167312714,-227.631280321,4.57791043679
1.04885266709,-8130.23043215,-83.1337308412,-10.6136963298,-1.32497997567,-227.630690281,5.85063904379
0.616009849304,-8103.35466239,-92.8930082181,19.2434015045,-0.979517679243,-226.750126884,6.32686463089
0.416005690666,-8139.6124001,-94.6532021443,-38.5674961979,-1.38858146665,-228.723232127,4.38602225364
0.530713590466,-8077.28958419,-79.8509201663,23.6319737115,-1.60921012141,-227.541419187,6.25051306704
0.613050441065,-8127.45971547,-104.662233006,-24.9859637884,-0.188912451232,-225.870047339,7.70797901165
1.66585492526,-8090.45555563,-64.8844934628,32.9610828519,-0.594683627072,-226.513410477,6.53651366472
1.20190016176,-8135.35235006,-114.073250703,18.956512713,-1.19860198193,-227.227226866,5.71546243861
0.70076074483,-8106.86279204,-123.470324331,-10.2271118237,-2.22128122327,-227.885004352,5.12676310594
1.09856697642,-8093.70854185,-86.4439818673,-18.2146957683,-2.69039086301,-229.648234705,5.73721456112
1.4705694834,-8134.51980471,-139.002345472,5.56669553248,-1.04624369782,-226.856253138,6.25578868463
0.584333029064,-8135.04787655,-81.9809613141,-16.4133833874,-1.11292729801,-227.618758599,6.06597285023
0.919849525141,-8142.58621166,-87.0424810502,8.64592892517,-0.783401044146,-226.348252597,6.61096770154
1.01295651799,-8115.89656873,-66.1206645084,-5.34102016848,-0.794726477919,-226.518377418,7.36445112964
0.582669905378,-8125.04397739,-98.4499223055,3.64020467376,-0.39514219335,-225.963829909,6.98435815445
0.3943938303,-8122.97627436,-106.934525554,16.8390947187,-1.15283719386,-226.91657414,6.0854013462
0.70883034199,-8149.54688511,-108.256463718,27.1059922973,-2.01547135795,-227.223331724,5.21841486524
0.540245540713,-8117.58781474,-90.234332474,37.0532868511,-1.55045391399,-227.399962373,6.19370027163
0.776739289246,-8146.59819449,-97.6513946161,-6.62199120142,-1.07480123787,-226.948516052,6.26726585588
1.7654490446,-8125.02118127,-103.858165713,21.2585900451,-1.04278093559,-227.548210499,6.0282598996
2.81769604019,-8113.82689199,-113.464872274,39.209402052,-2.32343661685,-228.232014119,3.66343019533
0.762327716123,-8104.12901308,-81.6128933469,-15.9562349008,-0.715953162758,-225.994281749,6.88165973419
0.586736766329,-8129.90180696,-125.229076539,28.9764199957,1.17889115867,-225.479771777,7.3155705359
0.454369495634,-8131.36886201,-110.585475903,29.7166817458,-1.21076596662,-226.972287126,6.04084842076
2.66231590064,-8122.79567258,-120.648988572,21.7174825494,-1.68334511368,-227.519720972,5.74468719633
0.759567636183,-8129.90425377,-103.687883996,24.0739912042,-0.0538655797639,-226.319190171,6.62652587006
0.996743637788,-8114.98950994,-103.504898583,27.4539158134,-1.48807362245,-227.160224368,5.98253986743
0.467455622844,-8104.81762307,-98.4345086998,6.94378418132,-0.856668189008,-226.634247869,6.38396403859
0.220462626122,-8168.63864196,-86.0718208568,15.4364096797,-1.06030300951,-227.336269363,6.21267072867
0.499909122277,-8122.82089386,-70.5224116853,18.1433457796,-0.15177597588,-226.748708193,6.75182921378
1.06745398016,-8114.84947906,-129.898132336,1.36345936861,-0.949040584596,-226.096339631,7.23260753099
0.58742389879,-8100.82833186,-57.4682106761,30.5218818549,-0.774437267783,-226.274321079,7.73101040884
0.617800985524,-8113.30393327,-67.244264425,17.6615699057,-1.30483368217,-227.330438058,5.7349462236
0.773793582061,-8130.15218457,-127.503604791,24.4745771895,-0.518452237226,-226.369146254,6.45990070165
0.736116922904,-8125.06887072,-102.265072319,27.9884150667,-1.1680718621,-226.958090486,6.17861244957
0.590107819092,-8102.58249623,-85.0156844891,-23.8164335051,-1.04051135188,-226.882159253,6.26377721527
0.58209528863,-8126.30006888,-93.8538153101,-9.58463974411,0.174687843508,-226.721053007,6.6578517397
0.394179652405,-8145.00554965,-98.4625863272,7.16757090972,-1.10750423808,-226.88512332,6.26208960581
1.08436651666,-8116.17568125,-91.626739674,12.0537010325,-1.17185145986,-226.863710443,6.22454965826
0.717247371041,-8115.33792021,-84.3606785326,20.9716869612,-1.58276417146,-227.3554203,5.84548580929
0.759036636501,-8116.27621178,-80.2960726502,25.4183701499,-1.46262216616,-227.197856495,5.00165119114
2.08558888234,-8122.62540691,-101.033888803,-1.70258679443,-0.272263726015,-226.425085862,6.53882222774
0.582642748938,-8123.79627982,-98.6837981634,2.5468451826,-1.07457862839,-227.030354255,6.07893678644
0.666287584653,-8131.23022667,-112.454527082,13.5050181296,-0.133712408188,-226.09479255,7.85126927309
1.10229757656,-8099.78605292,-101.827897032,-23.7094669075,-1.87871758264,-227.342635188,5.60841393509
1.12290838794,-8128.74681102,-89.5556084097,22.5794198008,-1.53560583897,-227.514399925,6.17585085334
0.645621427569,-8123.16524143,-103.72910724,15.1775171034,0.0317886396012,-226.428587903,7.06715189702
0.394267244857,-8118.3497878,-101.838083777,25.0017056462,-0.920248330293,-226.74818673,6.43604051576
0.44355551775,-8108.26833711,-124.403874959,-16.0685497705,-0.283745010947,-226.609013583,7.22423743039
0.570347879365,-8119.44737397,-84.5736439404,-1.63484220732,-0.878011205765,-226.787334946,6.58039134448
0.916097781507,-8109.71722904,-85.380796974,5.59603643986,-0.809278307939,-226.434932786,6.44714051164
1.10278981399,-8126.92535465,-98.1760849788,-1.00122823403,-1.01335409814,-226.83470076,6.31433219327
1.21967507802,-8116.53154407,-64.4861272306,25.3057799673,-1.3749849342,-226.930198135,5.12789167549
0.921592838126,-8136.66532039,-95.103807214,43.4197185221,-0.718168898374,-226.678945768,6.31384252952
0.843716278528,-8132.09345338,-88.7498345715,39.2659584858,-0.318856884851,-226.7085374,7.06543632161
0.595944476583,-8114.8053661,-91.6650087813,16.8265000404,-0.979201279998,-226.806758721,6.38422996703
1.5624566124,-8103.16233089,-115.501969732,-4.66796093725,-0.787603071457,-226.743290648,6.40725329769
1.42092853594,-8114.31038311,-103.341696272,11.4950133706,-1.02071898723,-226.808944972,6.32082784666
1.34709400866,-8102.99930198,-87.1298753348,24.4929730027,-0.647555893228,-226.556831498,6.6550629898
0.793776326081,-8132.2411207,-72.1497194151,1.43450413395,-1.19136925192,-226.982198318,5.91180847837
0.350954654764,-8101.14051664,-74.0146431078,17.9855421799,-1.2721968534,-227.625819018,5.03811456993
0.867781068989,-8110.00176933,-96.4271518874,8.73852320098,-0.145056212997,-226.649157979,6.54176310919
0.40930913346,-8140.63874615,-78.4536279,-21.1932763594,-1.11550663126,-227.351018546,5.89566540961
1.57256031746,-8121.25644333,-132.141463525,16.9610522576,-1.19407060993,-227.783818494,5.62477706786
1.25968587129,-8116.73059434,-114.173534543,6.55433074933,-0.791916452312,-226.625621878,6.49648905187
2.24091320405,-8134.69617336,-103.926927016,4.21890339596,-1.48388176447,-227.0444814,5.24225953008
1.20904724095,-8104.81367948,-122.550845308,5.75167701504,-0.992606418874,-226.799143208,6.29315751727
0.532575651984,-8122.90286922,-105.483225649,21.4887098229,-0.669884263689,-226.486589814,6.76376137991
1.60101394086,-8136.13422215,-102.814082683,25.5989993589,-0.67284043771,-225.772568579,6.36930172758
1.06460560078,-8095.0421815,-93.3528910028,31.3330052013,-1.56980369795,-227.144466114,5.64465532508
0.875227722908,-8124.44419888,-101.839007722,19.5488870736,-1.32704863242,-226.971302978,6.11524265025
0.774553309104,-8137.51261932,-95.453899556,3.0781111581,-1.35708330353,-227.975976692,5.31555517837
0.830994149485,-8135.86104607,-81.3725908996,10.1022539533,-1.17446245136,-227.506790718,6.18126322895
1.0701693924,-8119.47686889,-70.4932602272,29.0748037069,-0.989208620699,-226.778883477,6.36286027128
0.392795796851,-8115.37957997,-95.9388944078,20.6653160649,-1.21938285773,-226.889832474,6.10514644033
1.40310929429,-8110.49225668,-89.52313754,18.0571011357,-1.05256747179,-226.891914989,6.25777816097
1.99545017227,-8106.46385854,-110.069434002,24.2357665254,-0.795339997572,-226.823507068,6.47156781351
0.441322190286,-8141.4250328,-114.941484431,19.7278201413,-0.631585383793,-226.421467494,6.30424066105
1.00254394187,-8126.4437582,-97.3366771492,22.8560742491,-0.15357526778,-226.809094769,6.87001299161
1.06689136035,-8089.78010653,-87.6083653039,16.6626915452,-0.1780291604,-226.716555848,6.34968499066
0.425011593909,-8101.91087619,-106.6501071,11.3647304778,-1.02342781776,-226.841878286,6.29226151183
1.22330843609,-8117.5310668,-85.5602002907,2.0706040894,0.43161242309,-225.211489896,7.42339621379
0.659493405369,-8131.9234274,-115.693297279,21.2619913821,-0.92931095792,-226.839549776,6.77110078645
0.512108301503,-8119.7659264,-94.0722754479,-11.3273249703,-1.51340761847,-227.410025643,5.59023622053
1.33555208525,-8125.78133147,-86.653665077,12.2371035692,-1.46712483155,-226.972478689,5.365392631
0.564572753228,-8107.37905824,-76.1742296067,-8.58411731958,-0.75290522082,-226.526031544,6.78146554448
0.66801261626,-8120.62933755,-84.0182189576,32.7960578547,-0.592777872247,-226.575356531,6.43287328219
0.427469227339,-8144.73829724,-93.5052981383,38.6117219163,-0.367314412367,-226.390698443,6.56554478911
3.36306246926,-8119.02999843,-101.333386569,8.06061867843,-0.866539658016,-226.721157601,6.56523327284
0.633383337988,-8115.17814913,-101.478791859,14.9535738087,-1.26452782602,-227.233223369,5.8990296331
1.52151987074,-8153.36616808,-83.6499435462,21.6772685268,-2.24964510115,-227.909756942,5.03553187485
0.488054982031,-8108.88330281,-113.562616599,18.66183564,-0.405214755735,-226.662032667,7.6710347299
0.876938794206,-8125.34738353,-82.7758677277,8.67588232754,-0.363059447824,-226.676913953,6.44669343937
1.18780892672,-8088.00641885,-109.450146998,23.7854583623,-0.692837197328,-225.212810462,7.83973175701
0.411846216495,-8091.1800293,-93.1928922564,43.1373252864,-1.03167523226,-226.81540827,6.30148920127
0.289153283804,-8113.89511601,-104.983137737,13.9654080137,-0.82987343018,-226.72047544,6.48384692301
0.575981521976,-8135.16186934,-89.7247238606,-11.6226113054,-1.2051460911,-227.000316642,5.92567974943
0.366277216293,-8124.42327192,-94.2131378481,20.0945513756,-1.05078083917,-227.147671704,6.09205458077
0.365254406169,-8099.193172,-120.964071863,-2.4839700299,-1.42637325294,-227.411093163,6.18034534032
1.94717671892,-8110.84359762,-113.090592485,37.5673167079,-0.233001933159,-225.303523225,6.65934359436
0.445460579262,-8112.4921318,-101.108204324,17.4036870365,-1.0295849295,-226.843727821,6.29940828418
0.359222077104,-8133.11722434,-124.976016458,14.987884959,-0.685814403393,-226.036713971,7.98427213597
0.21589012701,-8091.67940735,-63.8615190422,21.2623032786,-1.57571669395,-228.595912235,4.71100557352
1.2940849919,-8123.86212949,-95.7343899394,34.8819944655,-0.85529420374,-226.648926612,6.45417308984
0.548471634155,-8141.53029572,-84.918934055,-2.96971094965,-1.01788314191,-225.674191891,7.37029314058
0.756837511046,-8116.08400431,-79.0937659707,12.5568893897,-0.941313932872,-226.615833108,6.72660481688
2.198264448,-8120.0162794,-63.7832246854,11.8414315837,-1.19235444726,-226.997857903,6.15019116172
2.72150960077,-8116.68618928,-95.4846781577,28.2814015412,-1.10668370376,-227.235041905,5.9201286933
0.749434448717,-8118.10729131,-110.45925954,-0.673053954805,-1.69570784825,-227.536275693,5.48998418709
0.528486171987,-8095.73056886,-98.275648285,28.5192869493,-1.10325242023,-226.875143396,6.28778787319
0.903733699601,-8115.58080904,-96.5795638371,10.8674090756,-0.990200703902,-226.694809628,6.38943763172
2.12325229789,-8088.77570144,-103.318842715,29.0098551975,-1.56956992721,-226.923902719,5.65448467243
0.366327855757,-8138.65925937,-112.2308088,-0.403244740499,-1.48266560246,-227.299305453,5.92432372773
0.869668639408,-8111.9292988,-89.2079387584,-9.13070276712,-1.06994348513,-226.972610929,6.2532267678
0.901175390498,-8130.84962872,-85.168602862,32.6047537081,-1.70796591681,-227.075228812,5.89414987183
2.73980121732,-8095.95992683,-100.872454974,35.7855591964,-0.653958585824,-226.394009363,6.66423057721
0.427454783934,-8092.46350599,-105.855205714,10.9761112978,-1.02214478978,-226.837664706,6.30602592454
1.27886046899,-8097.29467811,-121.880343028,34.8930366178,-0.806390408883,-224.657089729,7.63904902769
0.325552622219,-8127.12091036,-137.76558109,-4.43482369197,-1.11453970925,-228.558462709,5.38125748016
1.26620172462,-8107.59029635,-91.5529198404,40.8522352025,-0.719895057195,-226.534207347,6.59063248865
1.28756098153,-8129.8412343,-75.8185236576,26.2784571802,-1.13978554045,-227.251505969,4.86715437048
0.281313479238,-8110.44069836,-133.984911963,45.010212027,-0.281597143826,-226.463565974,6.66122583552
0.310096019613,-8092.84031072,-114.521743081,35.669884171,-1.10638193756,-227.217047801,6.20921609138
0.51103376917,-8150.74789025,-88.6524962064,23.3677602497,-1.05696318852,-226.908700423,6.26842524841
2.94696152637,-8112.8063189,-124.859852645,2.00371153361,-0.343268554306,-226.841905117,6.29426991904
1.09574736758,-8110.02624878,-122.463293739,29.6221075493,-1.41666440516,-227.21412003,6.16812192606
1.38293201183,-8138.89973909,-94.516486217,4.6151439895,-1.60421438368,-227.319678318,5.27419241213
0.486712318708,-8101.8137592,-103.065850097,17.3676814539,-1.05294099736,-228.215248961,5.41682788245
0.687005446825,-8108.56645282,-73.8821974266,21.2698260593,-1.25832058126,-226.917231571,5.51631141795
1.34732568544,-8113.17924692,-73.641347002,31.8291140606,-0.331243009407,-225.941263873,7.02966117196
1.00931547764,-8106.02118554,-110.096532578,18.5648788059,-0.0871293107761,-226.038766558,6.40427669424
0.714223565679,-8103.58021236,-88.3595817956,14.422788736,-1.6162022895,-227.715835481,6.20114501136
0.26871588186,-8104.54915694,-96.5938404343,48.4420659554,-0.270553926323,-226.349880535,7.11209983485
1.06766461982,-8125.88741793,-109.326595039,17.8157418402,-1.09582370721,-227.224402766,6.04722016881
1.67332082022,-8141.91199269,-105.597670372,-12.8042460213,-1.16525563563,-226.96373099,6.28477907697
1.30268997547,-8114.25659889,-98.4879164665,27.5619762841,-1.83471576138,-227.394669233,6.21250534881
0.298081626664,-8122.68489564,-104.648619902,17.0365621387,-1.04943023713,-226.872856905,6.01572070217
0.919799552547,-8148.59023106,-99.7512548073,7.37692159218,-1.01499448781,-226.829651266,6.30249290536
0.845228848395,-8109.63103518,-104.477468169,19.8671285809,-2.13368527376,-227.911926501,6.25006619243
0.390593173269,-8128.69133399,-137.088809486,-33.0516719002,-1.44644725162,-226.926528816,4.99476007482
5.45376617634,-8105.91851394,-104.793938732,6.8370233287,-1.32297523192,-227.238674736,6.17209562559
0.791066990831,-8104.84142086,-118.485673378,33.0449472033,-0.449649020068,-226.444741704,6.59450465273
0.952956495631,-8089.04483999,-88.0194715737,16.1590811883,-0.784799114553,-226.003364334,7.32668191702
0.64083350416,-8120.84889057,-112.532987203,31.0736062405,-0.964564025963,-226.793772764,6.51319721155
0.946997411361,-8113.48769677,-78.368330168,13.6528421658,0.0667049739289,-226.00045871,6.61237008283
0.464966970451,-8087.73827257,-104.527264227,25.8556593897,-0.879634707449,-226.703243448,6.61538326449
1.37319130174,-8125.48090812,-88.9259285706,9.76915580881,-1.49223217954,-227.195299111,6.12879949671
0.474596896796,-8132.07234115,-125.946009884,12.2876261456,-1.74096331637,-227.338225595,5.56475815701
0.836632725045,-8145.37461018,-114.80674338,16.2969092735,-0.865842410455,-226.603468795,6.53410328409
0.815762594202,-8135.88833312,-87.6002807633,12.4853337048,-1.92343461,-229.374686092,6.23253721235
0.43874261364,-8115.53143069,-112.992778547,30.4854562409,-1.76204919995,-227.756946569,5.97166394642
1.06296801124,-8104.34261497,-86.4636978625,10.2153690713,-1.02397710415,-226.836100451,6.30882634313
0.735734448694,-8130.49058366,-97.1365378181,44.1902855292,-1.87295692149,-227.429915668,5.50538825279
0.525492987853,-8122.45591756,-97.196099132,7.76307658145,-0.844010837864,-226.706539688,6.56028529701
0.692474098259,-8120.17152918,-95.8472864424,-15.9397742092,-1.24814132849,-226.907505864,6.08105539054
0.497992054779,-8120.1841153,-92.3193657793,35.6990780487,-0.891800783323,-226.550823312,6.30385213707
1.62877557262,-8120.10983617,-87.5886376128,48.3437306612,-0.30711685924,-226.137041597,7.32235579481
1.14452297626,-8111.38350401,-93.8188029609,-8.75366486693,-1.3333793576,-227.177486914,5.91797813021
0.304380071446,-8088.88166755,-99.701831166,9.88847159276,-1.03588917012,-226.848233066,6.29529661797
0.726988583055,-8126.88580812,-102.10684926,46.9622253465,-1.09304690062,-226.880117387,6.23958203106
1.30912208176,-8127.40462698,-80.1077897211,22.4370797466,-1.02637377649,-226.834678317,6.30495576904
0.55272924001,-8103.86383933,-85.7975319795,4.89861373972,-0.497687374024,-226.147048065,6.47259453695
1.65952076252,-8108.72100039,-105.023590866,13.5331517289,-1.34648523624,-227.942528031,5.84323075222
0.671299114686,-8104.73582949,-76.0637264082,23.7190841104,-1.18115885443,-227.001489068,6.11215510108
0.745566227183,-8132.21891886,-112.052457222,22.7468908759,-0.962556094697,-226.720864794,6.47993934041
0.357830124915,-8113.93057311,-109.468510261,31.6894333839,-0.711287217885,-225.96442667,7.04226103497
3.80364752001,-8113.69594427,-113.200664976,44.6371972277,-1.78905150806,-228.223015794,5.74712496299
1.70879869544,-8121.92129891,-106.591910839,7.10828408399,-1.51347349264,-226.984767943,5.82466424526
0.722025034324,-8138.0133075,-113.461062007,34.6531970158,-1.04142798173,-226.850336304,6.28914511801
0.850525308702,-8115.6795615,-69.4094521912,23.3911507803,-0.352919873646,-225.570216892,6.41465358207
0.814336319157,-8106.20687368,-72.866937018,15.0401208616,-2.08294668332,-227.98223782,5.25594916058
0.589992934757,-8136.0121755,-79.5020877358,37.7079396785,-0.705507500103,-226.771653156,6.54816945896
1.26337020566,-8133.87542083,-72.503793571,5.99530220627,-0.469318979996,-226.479639418,6.66069534409
0.543126699269,-8136.95676873,-88.9979809321,29.4509571317,-1.00639612214,-226.834795829,6.32196284568
0.436638185767,-8124.44378319,-73.8035486412,24.7557662622,-1.328144523,-226.853426495,6.01635991155
0.75789688698,-8137.25917089,-113.801759836,32.7051805819,-0.999179979127,-226.764870828,6.4491488455
1.64492724392,-8110.16962176,-108.347540243,-1.35313261172,0.762643660607,-224.898545032,8.34754511079
0.766631498287,-8107.26066757,-108.477314079,3.52896757014,-1.15996664097,-227.026094234,6.18523949885
1.28772839106,-8120.39159202,-85.1944901718,36.1809850814,-1.39055612095,-227.281397779,5.5472641269
0.511790318481,-8122.06252587,-122.777194132,3.54333094617,-0.637427131162,-226.196446533,6.88828552423
0.370846467621,-8148.73727241,-102.273463128,6.57914306544,-1.08760257472,-228.315000655,5.27518207051
1.11177696396,-8123.50795598,-123.532932969,31.2288262722,-1.45301261184,-227.590203536,5.7946985409
0.599396686652,-8113.64231456,-108.455259499,10.8019879954,-1.28956310215,-227.050864489,6.13421288644
2.11094164496,-8111.66418442,-71.5696748845,21.1076980308,0.078352756293,-226.793160228,6.33014255211
0.417331936361,-8094.1763604,-112.547398685,28.4087615927,-1.09407341013,-227.13387331,6.13725020874
0.720386513367,-8139.86186096,-88.0388659285,-6.69069734951,-1.35432000396,-227.02317824,6.07846011612
0.873582530712,-8095.63477596,-107.442901049,33.7752306736,-0.991071941623,-226.79353027,6.34886769994
0.448567578285,-8108.84417089,-82.5371897208,30.0417925531,-1.67390818965,-227.279756548,5.82034616012
1.11445210588,-8108.87087444,-117.40918085,21.5405778479,-0.823202512142,-226.568453385,6.32309431717
0.613877277128,-8099.69042037,-82.5647224777,10.463769718,-0.847102886315,-226.710149224,6.4561358144
0.727929900292,-8138.65082879,-120.96716365,30.6475545421,-0.591024074996,-226.288852562,6.60685949779
0.582373386475,-8136.88432592,-110.424664344,5.21138301578,-0.740758926353,-226.698132642,6.59436753447
1.02846237987,-8104.90600034,-85.798587484,28.0060450513,-0.941463397772,-226.805789786,6.39209078497
0.675883825632,-8112.44280052,-82.6716931027,28.1029947106,-1.03427816063,-226.719254383,6.40828628414
0.559778168125,-8119.53392013,-107.240391662,6.95908614261,-0.926552263544,-226.754682413,6.38062967973
1.00183205177,-8128.85126043,-70.7853259035,-7.07185431694,-1.93931078704,-227.100826743,5.58651980314
0.155991515587,-8107.02878642,-121.128476022,10.9306092392,-1.70917536877,-227.973202382,5.33722917866
0.751141461848,-8107.45257668,-79.924698593,37.9490811507,0.213622548152,-226.11137313,6.54679966776
0.536105629798,-8124.59855398,-108.481635459,8.96744734982,-1.52530132994,-227.535153984,5.54390550355
1.14226598091,-8105.68170449,-92.4733018642,28.2559691622,-1.04056599381,-227.410486981,6.02893297517
0.491906117354,-8134.94838587,-80.3448566846,19.6955114896,-0.335182618519,-226.7268214,6.82688832502
0.272903166945,-8113.5671364,-106.841254435,42.3497761687,-0.947609482402,-226.726190175,6.61661069514
1.52111724669,-8112.87945441,-117.493338668,16.2352425837,-1.27975865898,-226.944730349,6.22091376766
0.709902329142,-8116.08909152,-80.1520904962,6.79904352386,-0.137487846463,-225.702288803,6.87536988922
1.08322955174,-8113.94383945,-73.5101720503,34.2540942792,-0.977260411681,-226.844452479,6.36792548141
0.450436524129,-8106.66095586,-111.730975073,39.5218260413,-1.3463383505,-227.219712742,5.93866653025
0.55474435429,-8112.17746925,-116.260955248,18.3513918324,-0.77383581069,-226.551646112,6.8474135591
0.280552794463,-8127.65626839,-94.9775923899,15.2682389061,-0.714716527386,-226.088203433,6.57757913537
1.44753828632,-8120.33781706,-86.2966977048,13.3977998787,-1.12846486555,-226.957352031,6.24893418539
0.548436397082,-8142.00762217,-91.4927523664,13.6152876675,-1.12103665924,-229.038903527,6.22912696188
0.399466918898,-8113.7883811,-90.2131794042,10.9004109618,-0.627153677975,-226.75601038,6.57157795008
1.26824115627,-8129.83877875,-102.912383732,35.8039247211,-0.590452760997,-226.788295313,6.77825300477
0.525522156347,-8139.4075364,-90.8938835682,32.7104518415,-0.951520149599,-226.703660985,6.41539294177
1.02547989352,-8111.90315991,-104.77570795,-10.0312694985,-1.39972152041,-227.798776425,4.87525585348
0.46470537992,-8094.85803607,-104.057457602,15.48784536,-0.853445341741,-226.117774727,7.86745137198
0.800428586215,-8143.03147509,-79.0530895031,11.8482723925,-1.43812781714,-227.423953725,5.76164831642
0.789505660672,-8126.24217243,-109.53427772,21.8373489732,-0.774153713883,-226.782523218,6.52579152342
0.723661575214,-8143.60547291,-115.202896738,18.1279222107,-0.648184525793,-226.773753556,6.44417446903
1.2906527174,-8141.32282689,-95.97577516,14.8699079386,-0.307634859584,-226.260554829,6.50333810778
0.91835079944,-8141.48886975,-116.129461121,30.8331361799,-0.848938612451,-226.713015804,6.45599839111
1.88225484588,-8125.4985055,-121.367574308,17.6127311514,-0.607473207522,-226.509826435,7.11173669975
1.56077934903,-8120.8812683,-98.8994123249,-9.66531778345,-0.660249708504,-226.423708867,6.36576548777
1.65260569893,-8105.39736205,-93.1680265609,3.49065371815,0.938921350555,-226.237218318,7.31772003294
1.04115590988,-8102.06258854,-110.978503506,15.8585349002,0.44398930648,-226.101779679,6.61441314062
0.53978087329,-8134.33864044,-99.6071474131,28.7821433982,-1.09280746022,-227.006234951,6.03807573359
0.805876843176,-8128.1566152,-80.6152097888,29.8213705626,-1.85762914267,-227.495612636,5.57091973809
1.86257755585,-8112.25610759,-95.3727389128,8.15008809399,-2.52428389333,-228.627243092,6.13857398072
1.35677790991,-8117.16848311,-105.609024071,-4.47711540933,-1.65796937339,-227.113424603,5.67755778952
0.538141001524,-8135.10795506,-111.045277178,39.1951925148,-0.997105201316,-226.444889038,6.70669138285
0.38342770531,-8137.51194928,-90.3855908879,11.8647072982,0.335775614952,-225.788949966,6.81796652242
0.607189046507,-8145.18140333,-114.310387366,18.9398496198,-1.52828505784,-227.171187638,6.118240064
1.22038489015,-8107.39796345,-121.745900452,28.5679381205,-0.409436667042,-226.286658385,7.68259389336
0.134832858806,-8124.27346827,-78.3636167293,41.9324921336,-0.369190819505,-226.174330172,6.3305403229
0.755174255525,-8109.22131878,-85.4508096838,30.215502016,-1.22860656561,-227.428615897,5.68791929873
1.74581582808,-8139.66871875,-91.3033509405,9.5900489495,-1.07794463476,-227.005340159,6.05497819368
0.781061767396,-8135.05563707,-100.865098828,3.42980133873,-0.46398709504,-226.308590498,6.62741292509
1.31941235778,-8099.20309355,-104.844871414,19.4175275949,-0.00726575503703,-225.641802109,6.79620201744
0.358086044555,-8118.31607209,-101.778867564,28.863871248,-1.08000799495,-226.988604424,6.2257476898
0.657025918234,-8109.08123622,-117.967323287,29.7275600803,-1.28596779778,-226.932067636,6.04640787446
1.27153635898,-8133.86710011,-101.540070793,38.7739130617,-1.49671879462,-228.376642373,6.23302819483
0.626052438809,-8115.4712828,-71.5186168883,9.85160576608,1.57432539463,-226.051261012,6.2946743105
1.45905215605,-8123.52022743,-115.579661024,22.3654229446,-1.12301587024,-226.914136514,6.28055013387
1.63019097469,-8121.29663478,-96.3306844749,3.67080579158,-1.48806019556,-227.26268819,5.97061870952
0.462525330219,-8110.68107068,-102.708216211,34.376987504,-0.875845774349,-226.502681128,6.38598403353
0.655282296818,-8106.40565255,-85.4314018657,20.1126501915,-0.417137069648,-226.335341164,7.49597641053
0.353426256922,-8103.63649469,-122.784628829,7.60017840593,-0.381176438952,-226.239113586,6.86344903342
5.68772308101,-8120.84828608,-110.439693968,-2.52543606673,-1.06559241366,-226.868080456,6.27052140742
1.24357973361,-8130.05401587,-108.34477203,30.2274789025,-0.665284180234,-226.847334604,6.53174536344
6.81832096584,-8123.42057151,-93.477883175,45.4838106094,-1.21138894833,-227.062870735,6.08501085058
0.978430084562,-8094.98693174,-95.3353580507,22.3374190253,-1.86912219558,-227.781369544,5.76081494175
0.456191434091,-8116.03078698,-88.125740543,22.5898313485,-1.03627685533,-226.844052521,6.58302629874
0.516730269404,-8117.69053629,-106.955973375,-0.920865164187,-1.69646101581,-227.530550606,5.68612482246
0.236141888887,-8108.26733033,-76.7525265723,63.1211477205,-0.917780167644,-226.802166824,6.40402960693
0.706811879836,-8122.11784036,-114.50212739,1.89725875111,-1.30414641658,-226.996136613,6.1592416829
1.81355660605,-8110.25634119,-75.0339903984,-0.0570880835005,-0.946737261144,-226.763238404,6.3302618334
0.645842422815,-8117.02833829,-101.033430941,37.137484189,-1.15348339198,-227.143095056,6.14499920987
1.20871110956,-8138.09192082,-112.264302096,16.351891072,-1.24866024946,-227.035360606,5.83852238548
0.732565647936,-8109.82789945,-103.907589329,35.9417338093,-1.44397587341,-227.140230567,5.89780978358
0.603141880015,-8111.91099531,-98.5619876181,-8.65646681139,-1.04236989343,-226.852199874,6.28874857505
0.533089500055,-8103.31868721,-81.1087254345,0.614503556588,-0.098448068888,-224.396713115,8.91465878999
2.31441673134,-8106.21122333,-107.303340136,-4.9452606067,-1.35910264711,-226.856400024,5.73034397799
0.321100805783,-8117.19455741,-85.5810751545,17.5549349243,-0.546377903031,-226.832878281,7.68390941451
0.325213887892,-8104.80199766,-110.098844911,19.9793461619,-0.809456595125,-226.544691754,6.69755686707
0.58077109518,-8112.58516485,-112.573929747,42.5274463048,0.827061822945,-225.11396919,7.29279082233
0.269077586896,-8134.24028815,-112.205282717,16.6277859097,-1.5343220589,-228.140158154,5.56270791171
0.787995396375,-8143.23372976,-93.0140809517,4.80549237501,-1.18242880874,-226.932333097,5.87809386307
0.827641408886,-8109.87284325,-96.1246233151,10.3450164592,-0.921417011805,-226.683340794,6.41014191979
1.54768779182,-8109.729934,-88.0742867851,27.7524565705,-1.21269398079,-227.461214994,5.19854641318
1.54536592503,-8109.67963174,-87.0538156332,33.7818632104,-1.13143855397,-227.245569547,5.94942579222
0.648418137942,-8102.71701391,-92.1605518014,16.9632528517,-1.10878506399,-226.863838161,6.20347900308
0.40550520473,-8097.51950792,-118.427069316,17.4456831626,-1.29981612015,-227.204419702,6.18681823416
0.887404451613,-8117.15027178,-77.6914514488,26.7523496599,-0.79422156227,-226.590387936,6.42210619093
0.490089262258,-8113.96921693,-93.3423280066,-8.2456854181,-0.383353559137,-225.725020988,6.44974806664
0.785935194951,-8108.41957084,-79.454970699,17.0851375353,-1.94815413495,-226.902945228,6.05470950554
2.27788171159,-8115.55189714,-96.0295608591,-9.48098120172,-0.997361053964,-226.843687485,6.35239360386
2.38778242164,-8137.16880685,-90.8740349918,6.54974560906,0.035593996311,-226.074263048,7.30448310386
